{"stats":{"minecraft:used":{"minecraft:chiseled_deepslate":838,"minecraft:dispenser":32,"minecraft:elytra":9,"minecraft:chest":181,"minecraft:stone":241,"minecraft:soul_sand":14,"minecraft:deepslate_brick_slab":97,"minecraft:lava_bucket":9,"minecraft:grass_block":2,"minecraft:quartz_block":17,"minecraft:bow":401,"minecraft:furnace":16,"minecraft:egg":1,"minecraft:potato":54,"minecraft:dragon_head":2,"minecraft:end_stone_bricks":2,"minecraft:chorus_fruit":28,"minecraft:acacia_trapdoor":5,"minecraft:blackstone":38,"minecraft:wooden_pickaxe":6,"minecraft:purpur_pillar":5,"minecraft:purpur_stairs":1,"minecraft:deepslate_tiles":273,"minecraft:lectern":138,"minecraft:diamond_sword":247,"minecraft:smithing_table":1,"minecraft:oak_boat":5,"minecraft:enchanting_table":4,"minecraft:acacia_log":5,"minecraft:trial_key":4,"minecraft:netherrack":1010,"minecraft:torch":182,"minecraft:brewing_stand":3,"minecraft:warped_wart_block":1,"minecraft:anvil":4,"minecraft:chipped_anvil":1,"minecraft:iron_axe":215,"minecraft:rooted_dirt":578,"minecraft:barrel":1,"minecraft:diamond_chestplate":8,"minecraft:beef":2,"minecraft:cobbled_deepslate":774,"minecraft:acacia_planks":33,"minecraft:observer":20,"minecraft:pointed_dripstone":1,"minecraft:wheat_seeds":105,"minecraft:water_bucket":214,"minecraft:dirt_path":5,"minecraft:birch_planks":76,"minecraft:yellow_shulker_box":13,"minecraft:fletching_table":18,"minecraft:glow_ink_sac":4,"minecraft:deepslate_bricks":145,"minecraft:polished_blackstone_bricks":37,"minecraft:polished_deepslate_slab":4,"minecraft:mossy_cobblestone":109,"minecraft:oak_slab":6,"minecraft:crafting_table":22,"minecraft:white_bed":13,"minecraft:cake":1,"minecraft:spruce_log":72,"minecraft:deepslate_tile_wall":35,"minecraft:oak_log":1,"minecraft:ender_eye":26,"minecraft:diamond_pickaxe":7969,"minecraft:diamond_shovel":1518,"minecraft:acacia_sign":10,"minecraft:sunflower":1,"minecraft:wind_charge":2,"minecraft:iron_pickaxe":239,"minecraft:spruce_trapdoor":11,"minecraft:spruce_sapling":140,"minecraft:cobblestone":254,"minecraft:cooked_porkchop":36,"minecraft:porkchop":2,"minecraft:kelp":47,"minecraft:brown_mushroom_block":1,"minecraft:iron_shovel":267,"minecraft:polished_deepslate":287,"minecraft:bone_block":136,"minecraft:shield":387,"minecraft:iron_sword":18,"minecraft:iron_chestplate":2,"minecraft:jungle_planks":2,"minecraft:nether_bricks":23,"minecraft:deepslate_tile_slab":2264,"minecraft:tuff":41,"minecraft:obsidian":42,"minecraft:polished_deepslate_stairs":8,"minecraft:lantern":1,"minecraft:packed_mud":389,"minecraft:warped_nylium":1,"minecraft:iron_helmet":7,"minecraft:crimson_roots":3,"minecraft:stone_bricks":3,"minecraft:item_frame":28,"minecraft:hay_block":26,"minecraft:dark_oak_sign":4,"minecraft:stone_pickaxe":74,"minecraft:oak_planks":57,"minecraft:ender_pearl":16,"minecraft:redstone_block":5,"minecraft:diamond_axe":397,"minecraft:sugar_cane":22,"minecraft:crossbow":1,"minecraft:dripstone_block":4,"minecraft:stone_brick_wall":15,"minecraft:end_stone":108,"minecraft:shears":4,"minecraft:firework_rocket":19,"minecraft:acacia_door":2,"minecraft:bread":175,"minecraft:string":3,"minecraft:gravel":22,"minecraft:grindstone":2,"minecraft:andesite":4,"minecraft:coarse_dirt":30,"minecraft:bone_meal":411,"minecraft:purpur_block":4,"minecraft:netherite_sword":1952,"minecraft:flint_and_steel":10,"minecraft:spruce_planks":88,"minecraft:ender_chest":4,"minecraft:wooden_shovel":13,"minecraft:cooked_chicken":3,"minecraft:oak_door":4,"minecraft:dirt":702,"minecraft:white_carpet":1,"minecraft:hopper":7,"minecraft:spruce_stairs":66,"minecraft:diamond_helmet":9,"minecraft:shulker_box":3,"minecraft:granite":51,"minecraft:iron_hoe":104,"minecraft:wooden_axe":39,"minecraft:bookshelf":21,"minecraft:polished_blackstone_brick_stairs":1,"minecraft:iron_boots":2,"minecraft:crimson_planks":40,"minecraft:golden_carrot":25,"minecraft:black_stained_glass":54,"minecraft:cooked_beef":22,"minecraft:pumpkin":5,"minecraft:cobbled_deepslate_wall":4,"minecraft:cooked_mutton":15,"minecraft:glass_bottle":3,"minecraft:baked_potato":84,"minecraft:birch_boat":4,"minecraft:black_shulker_box":1,"minecraft:brown_mushroom":10,"minecraft:spruce_sign":43,"minecraft:white_dye":4,"minecraft:stonecutter":3,"minecraft:waxed_copper_block":7,"minecraft:warped_roots":3,"minecraft:smoker":1,"minecraft:warped_planks":36,"minecraft:wooden_hoe":56,"minecraft:cracked_polished_blackstone_bricks":21,"minecraft:stone_slab":6,"minecraft:magenta_banner":2,"minecraft:cobbled_deepslate_slab":68,"minecraft:white_banner":4,"minecraft:bucket":243,"minecraft:splash_potion":4},"minecraft:dropped":{"minecraft:iron_sword":5,"minecraft:acacia_wood":42,"minecraft:lapis_lazuli":12,"minecraft:glow_ink_sac":1,"minecraft:diamond":4,"minecraft:crafting_table":1,"minecraft:cooked_porkchop":6,"minecraft:crossbow":2,"minecraft:warped_roots":3,"minecraft:rooted_dirt":3,"minecraft:cracked_stone_bricks":4,"minecraft:purpur_stairs":2,"minecraft:dirt":32,"minecraft:packed_mud":65,"minecraft:stone_button":2,"minecraft:sunflower":3,"minecraft:sand":1,"minecraft:iron_pickaxe":1,"minecraft:white_wool":4,"minecraft:bone":34,"minecraft:golden_chestplate":1,"minecraft:cobbled_deepslate":14,"minecraft:nether_brick":41,"minecraft:netherite_sword":6,"minecraft:wheat":5,"minecraft:obsidian":10,"minecraft:rotten_flesh":54,"minecraft:oak_planks":10,"minecraft:end_stone":14,"minecraft:azure_bluet":2,"minecraft:waxed_copper_block":2,"minecraft:chiseled_deepslate":1,"minecraft:warped_wart_block":3,"minecraft:crying_obsidian":17,"minecraft:crimson_planks":4,"minecraft:enchanted_book":5,"minecraft:iron_ingot":2,"minecraft:wheat_seeds":4,"minecraft:dripstone_block":17,"minecraft:cobbled_deepslate_wall":4,"minecraft:cobblestone":18,"minecraft:iron_helmet":1,"minecraft:granite":6,"minecraft:deepslate_tile_slab":2,"minecraft:wooden_hoe":1,"minecraft:wooden_axe":1,"minecraft:diamond_helmet":1,"minecraft:potion":3,"minecraft:armadillo_scute":1,"minecraft:pumpkin":5,"minecraft:string":15,"minecraft:furnace":1,"minecraft:purpur_pillar":2,"minecraft:polished_deepslate_slab":2,"minecraft:iron_boots":6,"minecraft:pumpkin_seeds":3,"minecraft:diamond_sword":3,"minecraft:spruce_trapdoor":1,"minecraft:diamond_pickaxe":5,"minecraft:stone_bricks":2,"minecraft:spider_eye":5,"minecraft:bow":7,"minecraft:soul_sand":90,"minecraft:birch_planks":64,"minecraft:diamond_axe":2,"minecraft:baked_potato":21,"minecraft:ender_pearl":3,"minecraft:cracked_polished_blackstone_bricks":14,"minecraft:netherite_scrap":1,"minecraft:crimson_roots":8,"minecraft:music_disc_precipice":2,"minecraft:polished_blackstone_bricks":7,"minecraft:black_stained_glass":2,"minecraft:brown_mushroom_block":2,"minecraft:gold_ingot":206,"minecraft:gravel":85,"minecraft:blackstone":32,"minecraft:carrot":1,"minecraft:leather_chestplate":1,"minecraft:gunpowder":7,"minecraft:oak_wood":4,"minecraft:basalt":2,"minecraft:iron_bars":8,"minecraft:arrow":6,"minecraft:quartz":51,"minecraft:netherrack":19,"minecraft:firework_rocket":16,"minecraft:bread":368,"minecraft:oak_slab":2,"minecraft:mossy_cobblestone":4,"minecraft:diamond_leggings":1,"minecraft:golden_axe":1,"minecraft:stick":4,"minecraft:torch":2,"minecraft:fire_charge":6,"minecraft:iron_leggings":1,"minecraft:iron_axe":2,"minecraft:bucket":1,"minecraft:kelp":4,"minecraft:warped_nylium":1,"minecraft:flow_pottery_sherd":1,"minecraft:coarse_dirt":1,"minecraft:tuff":7,"minecraft:light_gray_wool":1,"minecraft:ender_eye":8,"minecraft:shulker_box":1,"minecraft:flint_and_steel":1,"minecraft:shield":2,"minecraft:trial_key":2,"minecraft:diamond_chestplate":1,"minecraft:iron_chestplate":1,"minecraft:mossy_stone_bricks":3,"minecraft:oak_sapling":1,"minecraft:diamond_boots":1,"minecraft:stone_pickaxe":1,"minecraft:wooden_pickaxe":1,"minecraft:raw_gold":15,"minecraft:brick":70},"minecraft:broken":{"minecraft:golden_boots":1,"minecraft:iron_boots":3,"minecraft:iron_chestplate":1,"minecraft:iron_leggings":1,"minecraft:shield":4,"minecraft:iron_axe":2,"minecraft:iron_helmet":1,"minecraft:golden_helmet":1,"minecraft:wooden_axe":1},"minecraft:killed_by":{"minecraft:piglin_brute":2,"minecraft:magma_cube":1,"minecraft:zombie":7,"minecraft:ender_dragon":2,"minecraft:creeper":2,"minecraft:spider":1,"minecraft:enderman":3,"minecraft:skeleton":17},"minecraft:mined":{"minecraft:dragon_wall_head":2,"minecraft:white_bed":4,"minecraft:carved_pumpkin":2,"minecraft:obsidian":47,"minecraft:granite":77,"minecraft:stone_brick_wall":1,"minecraft:deepslate_bricks":140,"minecraft:chiseled_tuff_bricks":3,"minecraft:hopper":3,"minecraft:spawner":2,"minecraft:weeping_vines_plant":1,"minecraft:polished_blackstone_bricks":69,"minecraft:magma_block":55,"minecraft:fire":4,"minecraft:barrel":1,"minecraft:cobbled_deepslate":352,"minecraft:pumpkin":5,"minecraft:fletching_table":16,"minecraft:deepslate_lapis_ore":17,"minecraft:polished_deepslate_slab":1,"minecraft:dirt_path":6,"minecraft:tripwire":4,"minecraft:brown_mushroom":8,"minecraft:kelp_plant":10,"minecraft:crimson_nylium":32,"minecraft:deepslate_tile_slab":217,"minecraft:torch":13,"minecraft:spruce_wall_sign":23,"minecraft:sugar_cane":26,"minecraft:wheat":139,"minecraft:waxed_copper_block":8,"minecraft:stonecutter":2,"minecraft:deepslate":2774,"minecraft:attached_pumpkin_stem":1,"minecraft:deepslate_tiles":39,"minecraft:mossy_cobblestone":113,"minecraft:shulker_box":3,"minecraft:end_stone":126,"minecraft:nether_bricks":18,"minecraft:cobbled_deepslate_slab":38,"minecraft:jungle_planks":1,"minecraft:crimson_roots":6,"minecraft:kelp":6,"minecraft:packed_mud":468,"minecraft:acacia_trapdoor":2,"minecraft:waxed_copper_grate":2,"minecraft:andesite":5,"minecraft:potatoes":30,"minecraft:warped_stem":12,"minecraft:bone_block":32,"minecraft:ender_chest":4,"minecraft:mud_brick_slab":3,"minecraft:oak_slab":5,"minecraft:redstone_block":5,"minecraft:soul_sand":8,"minecraft:observer":6,"minecraft:cobbled_deepslate_wall":2,"minecraft:short_grass":355,"minecraft:warped_roots":6,"minecraft:purpur_pillar":7,"minecraft:copper_ore":4,"minecraft:tall_grass":29,"minecraft:deepslate_gold_ore":91,"minecraft:warped_wart_block":6,"minecraft:black_stained_glass":6,"minecraft:coarse_dirt":11,"minecraft:sunflower":10,"minecraft:gravel":187,"minecraft:dripstone_block":8,"minecraft:cobweb":39,"minecraft:acacia_planks":30,"minecraft:stone_bricks":13,"minecraft:gold_ore":5,"minecraft:chipped_anvil":1,"minecraft:fern":1,"minecraft:black_shulker_box":1,"minecraft:spruce_planks":57,"minecraft:brewing_stand":2,"minecraft:spruce_trapdoor":7,"minecraft:grass_block":860,"minecraft:dead_tube_coral_block":6,"minecraft:cracked_polished_blackstone_bricks":36,"minecraft:frosted_ice":11,"minecraft:tuff_bricks":21,"minecraft:raw_iron_block":1,"minecraft:iron_ore":48,"minecraft:polished_tuff":4,"minecraft:dragon_head":1,"minecraft:anvil":2,"minecraft:azure_bluet":2,"minecraft:pointed_dripstone":1,"minecraft:end_stone_bricks":6,"minecraft:deepslate_redstone_ore":27,"minecraft:quartz_block":8,"minecraft:magenta_wall_banner":2,"minecraft:blackstone":22,"minecraft:dead_bubble_coral_block":11,"minecraft:purpur_stairs":5,"minecraft:chest":69,"minecraft:mushroom_stem":6,"minecraft:cobblestone":285,"minecraft:nether_quartz_ore":58,"minecraft:oak_planks":39,"minecraft:grindstone":1,"minecraft:iron_door":25,"minecraft:wall_torch":30,"minecraft:warped_nylium":1,"minecraft:purpur_block":5,"minecraft:sand":26,"minecraft:dirt":142,"minecraft:dispenser":17,"minecraft:netherrack":1146,"minecraft:oak_leaves":8,"minecraft:nether_gold_ore":2,"minecraft:tuff":88,"minecraft:deepslate_diamond_ore":28,"minecraft:oak_door":4,"minecraft:glow_lichen":1,"minecraft:decorated_pot":35,"minecraft:brown_mushroom_block":6,"minecraft:spruce_leaves":44,"minecraft:rooted_dirt":583,"minecraft:crimson_stem":12,"minecraft:large_fern":17,"minecraft:hay_block":160,"minecraft:spruce_sapling":21,"minecraft:furnace":12,"minecraft:nether_sprouts":1,"minecraft:chiseled_deepslate":361,"minecraft:gold_block":14,"minecraft:dead_horn_coral_block":7,"minecraft:polished_deepslate":130,"minecraft:bookshelf":38,"minecraft:deepslate_iron_ore":85,"minecraft:lantern":1,"minecraft:stripped_acacia_log":16,"minecraft:chorus_plant":5,"minecraft:stone":819,"minecraft:yellow_shulker_box":14,"minecraft:podzol":13,"minecraft:basalt":4,"minecraft:crafting_table":12,"minecraft:oak_wood":3,"minecraft:lectern":136,"minecraft:stone_slab":5,"minecraft:lapis_ore":2,"minecraft:polished_blackstone_brick_stairs":2,"minecraft:spruce_stairs":2,"minecraft:dead_fire_coral_block":8,"minecraft:white_wall_banner":3,"minecraft:dead_brain_coral_block":4,"minecraft:coal_ore":96,"minecraft:end_rod":1,"minecraft:cracked_stone_bricks":6,"minecraft:mossy_stone_bricks":5,"minecraft:acacia_wall_sign":2},"minecraft:crafted":{"minecraft:black_dye":10,"minecraft:blaze_powder":26,"minecraft:birch_boat":1,"minecraft:diamond_shovel":1,"minecraft:stripped_acacia_wood":3,"minecraft:bookshelf":23,"minecraft:cooked_mutton":15,"minecraft:shulker_box":8,"minecraft:quartz_block":9,"minecraft:glass":7,"minecraft:diamond_helmet":3,"minecraft:diamond_leggings":2,"minecraft:glass_bottle":3,"minecraft:wooden_shovel":1,"minecraft:emerald":285,"minecraft:cooked_porkchop":30,"minecraft:diamond_axe":1,"minecraft:smithing_table":1,"minecraft:cobbled_deepslate_wall":6,"minecraft:copper_ingot":3,"minecraft:fletching_table":2,"minecraft:polished_deepslate_slab":6,"minecraft:lectern":2,"minecraft:wooden_hoe":1,"minecraft:chiseled_deepslate":544,"minecraft:stone_slab":12,"minecraft:iron_pickaxe":1,"minecraft:iron_block":6,"minecraft:acacia_door":3,"minecraft:gold_ingot":198,"minecraft:netherite_ingot":1,"minecraft:polished_deepslate_stairs":8,"minecraft:bone_meal":3371,"minecraft:white_carpet":3,"minecraft:spruce_stairs":68,"minecraft:stone_pickaxe":1,"minecraft:diamond_boots":1,"minecraft:redstone_block":36,"minecraft:wheat":1201,"minecraft:enchanting_table":1,"minecraft:acacia_trapdoor":4,"minecraft:enchanted_book":9,"minecraft:acacia_sign":6,"minecraft:fermented_spider_eye":1,"minecraft:wooden_axe":2,"minecraft:iron_shovel":1,"minecraft:iron_leggings":5,"minecraft:white_bed":9,"minecraft:grindstone":1,"minecraft:oak_planks":244,"minecraft:stone":15,"minecraft:warped_planks":40,"minecraft:hopper":4,"minecraft:bow":50,"minecraft:iron_boots":4,"minecraft:chest":138,"minecraft:ender_eye":24,"minecraft:golden_boots":2,"minecraft:smoker":1,"minecraft:oak_slab":12,"minecraft:item_frame":16,"minecraft:crafting_table":13,"minecraft:spruce_planks":4468,"minecraft:baked_potato":105,"minecraft:wooden_pickaxe":1,"minecraft:iron_helmet":3,"minecraft:gold_block":10,"minecraft:brewing_stand":1,"minecraft:birch_planks":156,"minecraft:pumpkin_seeds":20,"minecraft:black_shulker_box":1,"minecraft:dispenser":16,"minecraft:spruce_trapdoor":6,"minecraft:paper":18,"minecraft:iron_chestplate":3,"minecraft:book":1,"minecraft:diamond_pickaxe":2,"minecraft:charcoal":40,"minecraft:emerald_block":14,"minecraft:yellow_dye":2,"minecraft:shield":7,"minecraft:stick":6168,"minecraft:iron_ingot":113,"minecraft:shears":1,"minecraft:deepslate_tile_slab":136,"minecraft:oak_door":3,"minecraft:cobbled_deepslate_slab":1260,"minecraft:redstone":180,"minecraft:raw_iron":9,"minecraft:stone_brick_wall":15,"minecraft:furnace":6,"minecraft:flint_and_steel":1,"minecraft:yellow_shulker_box":1,"minecraft:polished_deepslate":184,"minecraft:iron_axe":3,"minecraft:netherite_scrap":3,"minecraft:observer":16,"minecraft:cooked_beef":24,"minecraft:sugar":1,"minecraft:bone_block":328,"minecraft:crimson_planks":48,"minecraft:diamond_sword":1,"minecraft:spruce_sign":39,"minecraft:iron_sword":3,"minecraft:bucket":18,"minecraft:bread":431,"minecraft:air":0,"minecraft:black_stained_glass":56,"minecraft:oak_boat":2,"minecraft:white_wool":25,"minecraft:stonecutter":1,"minecraft:anvil":2,"minecraft:acacia_planks":300,"minecraft:torch":156,"minecraft:lapis_block":7,"minecraft:diamond_chestplate":3,"minecraft:firework_rocket":36},"minecraft:killed":{"minecraft:cave_spider":13,"minecraft:shulker":37,"minecraft:skeleton":1277,"minecraft:chicken":1,"minecraft:tropical_fish":3,"minecraft:magma_cube":11,"minecraft:iron_golem":4,"minecraft:pillager":5,"minecraft:zombie":161,"minecraft:glow_squid":2,"minecraft:cow":17,"minecraft:breeze":2,"minecraft:enderman":67,"minecraft:spider":100,"minecraft:silverfish":9,"minecraft:piglin_brute":10,"minecraft:wolf":1,"minecraft:piglin":13,"minecraft:pig":15,"minecraft:zombie_villager":2,"minecraft:creeper":54,"minecraft:sheep":12,"minecraft:blaze":12,"minecraft:phantom":10,"minecraft:drowned":1,"minecraft:hoglin":11,"minecraft:squid":4},"minecraft:picked_up":{"minecraft:anvil":3,"minecraft:stone_slab":5,"minecraft:diamond_sword":3,"minecraft:enchanted_book":8,"minecraft:brewing_stand":2,"minecraft:golden_sword":1,"minecraft:polished_blackstone_brick_stairs":1,"minecraft:music_disc_cat":3,"minecraft:polished_deepslate":127,"minecraft:string":236,"minecraft:cobbled_deepslate":2993,"minecraft:gold_nugget":9,"minecraft:spruce_planks":173,"minecraft:acacia_sign":3,"minecraft:trial_key":9,"minecraft:netherite_upgrade_smithing_template":2,"minecraft:enchanted_golden_apple":1,"minecraft:golden_helmet":1,"minecraft:acacia_log":10,"minecraft:purpur_pillar":7,"minecraft:golden_axe":2,"minecraft:waxed_copper_grate":2,"minecraft:golden_chestplate":1,"minecraft:tropical_fish":2,"minecraft:armadillo_scute":13,"minecraft:carved_pumpkin":2,"minecraft:end_rod":1,"minecraft:blaze_rod":11,"minecraft:iron_bars":8,"minecraft:birch_log":39,"minecraft:magma_block":41,"minecraft:iron_door":25,"minecraft:water_bucket":3,"minecraft:flint":21,"minecraft:lantern":1,"minecraft:chipped_anvil":1,"minecraft:stonecutter":2,"minecraft:warped_wart_block":4,"minecraft:brown_mushroom_block":5,"minecraft:ink_sac":10,"minecraft:barrel":1,"minecraft:stripped_acacia_log":13,"minecraft:dispenser":17,"minecraft:dead_brain_coral_block":4,"minecraft:granite":77,"minecraft:bread":105,"minecraft:music_disc_precipice":2,"minecraft:rooted_dirt":581,"minecraft:crimson_roots":19,"minecraft:diamond_pickaxe":6,"minecraft:coarse_dirt":11,"minecraft:crafting_table":14,"minecraft:ominous_bottle":3,"minecraft:dragon_head":3,"minecraft:purpur_block":5,"minecraft:dead_horn_coral_block":7,"minecraft:wind_charge":7,"minecraft:elytra":4,"minecraft:acacia_door":3,"minecraft:netherite_scrap":4,"minecraft:iron_shovel":1,"minecraft:cracked_stone_bricks":4,"minecraft:netherite_sword":5,"minecraft:music_disc_otherside":2,"minecraft:beef":24,"minecraft:poppy":2,"minecraft:chest":71,"minecraft:egg":1,"minecraft:copper_ore":1,"minecraft:black_stained_glass":2,"minecraft:stone":318,"minecraft:oak_door":7,"minecraft:fire_charge":6,"minecraft:flow_pottery_sherd":1,"minecraft:carrot":3,"minecraft:redstone":134,"minecraft:mushroom_stem":2,"minecraft:decorated_pot":13,"minecraft:shears":1,"minecraft:deepslate_bricks":128,"minecraft:hay_block":169,"minecraft:gold_ingot":91,"minecraft:tuff_bricks":21,"minecraft:mutton":18,"minecraft:bone_block":30,"minecraft:rail":20,"minecraft:white_wool":13,"minecraft:yellow_shulker_box":13,"minecraft:acacia_wood":113,"minecraft:packed_mud":439,"minecraft:purpur_stairs":4,"minecraft:oak_log":254,"minecraft:ancient_debris":2,"minecraft:golden_boots":1,"minecraft:paper":34,"minecraft:white_banner":5,"minecraft:apple":3,"minecraft:stone_bricks":16,"minecraft:kelp":62,"minecraft:warped_stem":13,"minecraft:iron_ore":22,"minecraft:iron_sword":2,"minecraft:gravel":249,"minecraft:dead_fire_coral_block":8,"minecraft:spruce_sapling":160,"minecraft:spruce_log":1404,"minecraft:dragon_egg":2,"minecraft:crying_obsidian":38,"minecraft:polished_tuff":4,"minecraft:leather_helmet":1,"minecraft:oak_wood":212,"minecraft:diamond_shovel":1,"minecraft:coal_ore":36,"minecraft:diamond_axe":2,"minecraft:warped_roots":12,"minecraft:melon_seeds":2,"minecraft:warped_nylium":4,"minecraft:hopper":3,"minecraft:ender_pearl":48,"minecraft:shulker_shell":18,"minecraft:chiseled_deepslate":338,"minecraft:wheat":149,"minecraft:redstone_block":5,"minecraft:ender_chest":4,"minecraft:potion":7,"minecraft:nether_brick":49,"minecraft:dead_tube_coral_block":5,"minecraft:raw_copper":13,"minecraft:deepslate_tiles":24,"minecraft:black_shulker_box":1,"minecraft:bucket":5,"minecraft:eye_armor_trim_smithing_template":2,"minecraft:ender_eye":15,"minecraft:wooden_shovel":1,"minecraft:iron_pickaxe":1,"minecraft:iron_boots":9,"minecraft:furnace":11,"minecraft:tipped_arrow":7,"minecraft:stick":348,"minecraft:torch":54,"minecraft:spruce_stairs":2,"minecraft:porkchop":72,"minecraft:pointed_dripstone":8,"minecraft:quartz_block":8,"minecraft:rotten_flesh":222,"minecraft:obsidian":88,"minecraft:cobblestone":710,"minecraft:blaze_powder":1,"minecraft:enchanting_table":2,"minecraft:leather_chestplate":1,"minecraft:magma_cream":9,"minecraft:andesite":7,"minecraft:golden_leggings":1,"minecraft:potato":116,"minecraft:tuff":104,"minecraft:dirt":1002,"minecraft:lapis_lazuli":110,"minecraft:name_tag":8,"minecraft:leather_boots":1,"minecraft:bone":422,"minecraft:acacia_planks":31,"minecraft:bow":25,"minecraft:wheat_seeds":554,"minecraft:cobbled_deepslate_wall":2,"minecraft:raw_gold":121,"minecraft:cobbled_deepslate_slab":34,"minecraft:grindstone":1,"minecraft:mossy_stone_bricks":3,"minecraft:fletching_table":17,"minecraft:oak_planks":46,"minecraft:scrape_pottery_sherd":3,"minecraft:cooked_porkchop":12,"minecraft:music_disc_13":2,"minecraft:sand":27,"minecraft:jungle_planks":2,"minecraft:spectral_arrow":104,"minecraft:shulker_box":3,"minecraft:mossy_cobblestone":175,"minecraft:diamond":76,"minecraft:cracked_polished_blackstone_bricks":35,"minecraft:crossbow":2,"minecraft:breeze_rod":4,"minecraft:bone_meal":3,"minecraft:golden_apple":2,"minecraft:spruce_sign":25,"minecraft:emerald":77,"minecraft:netherrack":1042,"minecraft:oak_sapling":1,"minecraft:chorus_fruit":28,"minecraft:end_stone_bricks":6,"minecraft:charcoal":8,"minecraft:mud_brick_slab":3,"minecraft:splash_potion":6,"minecraft:azure_bluet":2,"minecraft:chest_minecart":1,"minecraft:brown_mushroom":9,"minecraft:gold_block":17,"minecraft:brick":70,"minecraft:shield":2,"minecraft:iron_axe":3,"minecraft:item_frame":15,"minecraft:blackstone":79,"minecraft:spire_armor_trim_smithing_template":1,"minecraft:oak_boat":6,"minecraft:observer":5,"minecraft:light_gray_wool":2,"minecraft:lectern":136,"minecraft:sugar_cane":42,"minecraft:spruce_trapdoor":3,"minecraft:phantom_membrane":6,"minecraft:raw_iron":121,"minecraft:end_stone":122,"minecraft:polished_blackstone_bricks":69,"minecraft:stone_button":2,"minecraft:arrow":398,"minecraft:nether_bricks":36,"minecraft:saddle":5,"minecraft:basalt":4,"minecraft:magenta_banner":2,"minecraft:glow_ink_sac":2,"minecraft:crimson_stem":12,"minecraft:leather":43,"minecraft:waxed_copper_block":9,"minecraft:gunpowder":72,"minecraft:deepslate_tile_slab":288,"minecraft:acacia_trapdoor":2,"minecraft:iron_ingot":131,"minecraft:cooked_chicken":3,"minecraft:soul_sand":103,"minecraft:book":144,"minecraft:scaffolding":13,"minecraft:oak_slab":5,"minecraft:birch_boat":3,"minecraft:pumpkin":20,"minecraft:quartz":128,"minecraft:dripstone_block":29,"minecraft:raw_iron_block":1,"minecraft:white_bed":4,"minecraft:spider_eye":32,"minecraft:pumpkin_seeds":36,"minecraft:dead_bubble_coral_block":11,"minecraft:coal":149,"minecraft:chiseled_tuff_bricks":3,"minecraft:sunflower":19},"minecraft:custom":{"minecraft:interact_with_crafting_table":272,"minecraft:open_barrel":76,"minecraft:eat_cake_slice":2,"minecraft:leave_game":21,"minecraft:time_since_death":137975,"minecraft:damage_blocked_by_shield":20392,"minecraft:play_time":1920634,"minecraft:deaths":54,"minecraft:jump":17482,"minecraft:enchant_item":10,"minecraft:interact_with_furnace":321,"minecraft:traded_with_villager":168,"minecraft:sleep_in_bed":23,"minecraft:damage_dealt":131701,"minecraft:interact_with_smoker":13,"minecraft:inspect_dispenser":47,"minecraft:interact_with_smithing_table":5,"minecraft:interact_with_anvil":55,"minecraft:inspect_hopper":87,"minecraft:sneak_time":65669,"minecraft:total_world_time":1920634,"minecraft:interact_with_stonecutter":43,"minecraft:time_since_rest":30249,"minecraft:swim_one_cm":168605,"minecraft:fly_one_cm":3167219,"minecraft:open_chest":1821,"minecraft:fall_one_cm":432991,"minecraft:open_shulker_box":50,"minecraft:sprint_one_cm":3083553,"minecraft:drop":435,"minecraft:talked_to_villager":295,"minecraft:interact_with_brewingstand":14,"minecraft:walk_on_water_one_cm":182970,"minecraft:open_enderchest":24,"minecraft:crouch_one_cm":223777,"minecraft:mob_kills":1930,"minecraft:climb_one_cm":12160,"minecraft:walk_one_cm":4146393,"minecraft:walk_under_water_one_cm":102726,"minecraft:boat_one_cm":367916,"minecraft:interact_with_grindstone":12,"minecraft:damage_taken":33381,"minecraft:aviate_one_cm":409002}},"DataVersion":3953}