{"stats":{"minecraft:killed_by":{"minecraft:pillager":1},"minecraft:killed":{"minecraft:pillager":1},"minecraft:custom":{"minecraft:jump":104,"minecraft:time_since_rest":7875,"minecraft:crouch_one_cm":39,"minecraft:damage_dealt":311,"minecraft:damage_taken":270,"minecraft:play_time":10347,"minecraft:leave_game":15,"minecraft:sprint_one_cm":7904,"minecraft:walk_one_cm":10762,"minecraft:time_since_death":6907,"minecraft:deaths":1,"minecraft:sneak_time":35,"minecraft:total_world_time":10347,"minecraft:mob_kills":1,"minecraft:fly_one_cm":14132},"minecraft:used":{"minecraft:grass_block":3}},"DataVersion":3953}