{"stats":{"minecraft:killed_by":{"minecraft:piglin_brute":2,"minecraft:magma_cube":1,"minecraft:zombie":7,"minecraft:ender_dragon":2,"minecraft:creeper":2,"minecraft:spider":1,"minecraft:enderman":3,"minecraft:skeleton":18},"minecraft:killed":{"minecraft:cave_spider":34,"minecraft:shulker":40,"minecraft:skeleton":1497,"minecraft:chicken":1,"minecraft:tropical_fish":3,"minecraft:magma_cube":11,"minecraft:iron_golem":4,"minecraft:pillager":5,"minecraft:zombie":198,"minecraft:glow_squid":2,"minecraft:cow":17,"minecraft:wandering_trader":1,"minecraft:breeze":7,"minecraft:enderman":75,"minecraft:spider":114,"minecraft:silverfish":9,"minecraft:piglin_brute":10,"minecraft:wolf":1,"minecraft:piglin":17,"minecraft:pig":15,"minecraft:zombie_villager":2,"minecraft:creeper":96,"minecraft:sheep":13,"minecraft:blaze":12,"minecraft:phantom":12,"minecraft:drowned":2,"minecraft:hoglin":18,"minecraft:squid":4},"minecraft:broken":{"minecraft:golden_boots":1,"minecraft:iron_boots":4,"minecraft:iron_chestplate":1,"minecraft:iron_leggings":1,"minecraft:shield":5,"minecraft:iron_axe":2,"minecraft:iron_helmet":1,"minecraft:golden_helmet":1,"minecraft:wooden_axe":1},"minecraft:used":{"minecraft:tuff_bricks":19,"minecraft:chiseled_deepslate":963,"minecraft:spruce_slab":6,"minecraft:dispenser":33,"minecraft:elytra":30,"minecraft:white_shulker_box":7,"minecraft:chest":194,"minecraft:stone":313,"minecraft:soul_sand":27,"minecraft:deepslate_brick_slab":97,"minecraft:lava_bucket":10,"minecraft:grass_block":2,"minecraft:quartz_block":28,"minecraft:bow":431,"minecraft:furnace":17,"minecraft:egg":1,"minecraft:potato":54,"minecraft:dragon_head":3,"minecraft:end_stone_bricks":5,"minecraft:chorus_fruit":28,"minecraft:acacia_trapdoor":5,"minecraft:blackstone":38,"minecraft:wooden_pickaxe":6,"minecraft:purpur_pillar":6,"minecraft:purpur_stairs":1,"minecraft:deepslate_tiles":294,"minecraft:deepslate_iron_ore":6,"minecraft:lectern":159,"minecraft:chiseled_tuff_bricks":5,"minecraft:diamond_sword":309,"minecraft:smithing_table":1,"minecraft:oak_boat":5,"minecraft:enchanting_table":4,"minecraft:acacia_log":5,"minecraft:trial_key":11,"minecraft:netherrack":1206,"minecraft:torch":289,"minecraft:brewing_stand":3,"minecraft:warped_wart_block":1,"minecraft:anvil":4,"minecraft:chipped_anvil":1,"minecraft:iron_axe":215,"minecraft:rooted_dirt":578,"minecraft:barrel":1,"minecraft:diamond_chestplate":31,"minecraft:beef":2,"minecraft:cobbled_deepslate":788,"minecraft:acacia_planks":33,"minecraft:observer":45,"minecraft:pointed_dripstone":1,"minecraft:wheat_seeds":105,"minecraft:water_bucket":291,"minecraft:dirt_path":5,"minecraft:birch_planks":76,"minecraft:yellow_shulker_box":24,"minecraft:fletching_table":18,"minecraft:glow_ink_sac":4,"minecraft:deepslate_bricks":145,"minecraft:polished_blackstone_bricks":37,"minecraft:polished_deepslate_slab":4,"minecraft:mossy_cobblestone":109,"minecraft:comparator":3,"minecraft:oak_slab":6,"minecraft:crafting_table":23,"minecraft:white_bed":18,"minecraft:cake":1,"minecraft:spruce_log":74,"minecraft:deepslate_tile_wall":35,"minecraft:oak_log":1,"minecraft:ender_eye":26,"minecraft:diamond_pickaxe":10901,"minecraft:diamond_shovel":1518,"minecraft:acacia_sign":10,"minecraft:sunflower":1,"minecraft:wind_charge":2,"minecraft:iron_pickaxe":239,"minecraft:spruce_trapdoor":11,"minecraft:spruce_sapling":217,"minecraft:cobblestone":338,"minecraft:potion":4,"minecraft:cooked_porkchop":63,"minecraft:porkchop":2,"minecraft:kelp":47,"minecraft:brown_mushroom_block":1,"minecraft:diamond_leggings":1,"minecraft:iron_shovel":267,"minecraft:polished_deepslate":287,"minecraft:bone_block":136,"minecraft:oak_sign":8,"minecraft:shield":397,"minecraft:iron_sword":18,"minecraft:iron_chestplate":2,"minecraft:jungle_planks":2,"minecraft:nether_bricks":23,"minecraft:deepslate_tile_slab":4561,"minecraft:waxed_copper_grate":6,"minecraft:tuff":41,"minecraft:obsidian":43,"minecraft:polished_deepslate_stairs":8,"minecraft:lantern":1,"minecraft:packed_mud":392,"minecraft:warped_nylium":1,"minecraft:iron_helmet":7,"minecraft:crimson_roots":3,"minecraft:stone_bricks":3,"minecraft:item_frame":28,"minecraft:deepslate_diamond_ore":23,"minecraft:repeater":2,"minecraft:redstone_lamp":1,"minecraft:hay_block":26,"minecraft:dark_oak_sign":4,"minecraft:stone_pickaxe":74,"minecraft:oak_planks":68,"minecraft:ender_pearl":19,"minecraft:redstone_block":7,"minecraft:diamond_axe":474,"minecraft:sugar_cane":47,"minecraft:deepslate_redstone_ore":20,"minecraft:crossbow":1,"minecraft:dripstone_block":4,"minecraft:stone_brick_wall":17,"minecraft:end_stone":180,"minecraft:shears":4,"minecraft:redstone_torch":45,"minecraft:sticky_piston":3,"minecraft:lever":1,"minecraft:firework_rocket":24,"minecraft:acacia_door":2,"minecraft:bread":193,"minecraft:string":4,"minecraft:deepslate":394,"minecraft:gravel":22,"minecraft:grindstone":2,"minecraft:andesite":4,"minecraft:coarse_dirt":30,"minecraft:bone_meal":478,"minecraft:purpur_block":7,"minecraft:netherite_sword":2321,"minecraft:flint_and_steel":10,"minecraft:redstone":14,"minecraft:spruce_planks":108,"minecraft:ender_chest":4,"minecraft:wooden_shovel":13,"minecraft:cooked_chicken":7,"minecraft:oak_door":4,"minecraft:dirt":702,"minecraft:white_carpet":1,"minecraft:hopper":17,"minecraft:spruce_stairs":66,"minecraft:diamond_helmet":10,"minecraft:shulker_box":3,"minecraft:granite":51,"minecraft:iron_hoe":104,"minecraft:wooden_axe":39,"minecraft:bookshelf":21,"minecraft:polished_blackstone_brick_stairs":1,"minecraft:iron_boots":2,"minecraft:crimson_planks":40,"minecraft:golden_carrot":25,"minecraft:black_stained_glass":54,"minecraft:cooked_beef":22,"minecraft:pumpkin":5,"minecraft:cobbled_deepslate_wall":4,"minecraft:cooked_mutton":15,"minecraft:iron_ore":16,"minecraft:glass_bottle":3,"minecraft:baked_potato":89,"minecraft:birch_boat":4,"minecraft:black_shulker_box":5,"minecraft:brown_mushroom":10,"minecraft:spruce_sign":43,"minecraft:white_dye":4,"minecraft:stonecutter":4,"minecraft:waxed_copper_block":13,"minecraft:warped_roots":3,"minecraft:smoker":1,"minecraft:warped_planks":36,"minecraft:wooden_hoe":56,"minecraft:cracked_polished_blackstone_bricks":21,"minecraft:stone_slab":6,"minecraft:magenta_banner":2,"minecraft:cobbled_deepslate_slab":68,"minecraft:white_banner":4,"minecraft:bucket":321,"minecraft:splash_potion":4},"minecraft:picked_up":{"minecraft:chainmail_boots":1,"minecraft:anvil":3,"minecraft:lead":1,"minecraft:stone_slab":5,"minecraft:diamond_sword":3,"minecraft:enchanted_book":11,"minecraft:brewing_stand":2,"minecraft:golden_sword":1,"minecraft:polished_blackstone_brick_stairs":1,"minecraft:music_disc_cat":3,"minecraft:polished_deepslate":127,"minecraft:string":348,"minecraft:gold_nugget":9,"minecraft:cobbled_deepslate":3967,"minecraft:spruce_planks":195,"minecraft:acacia_sign":3,"minecraft:trial_key":17,"minecraft:netherite_upgrade_smithing_template":2,"minecraft:enchanted_golden_apple":1,"minecraft:golden_helmet":2,"minecraft:acacia_log":10,"minecraft:purpur_pillar":10,"minecraft:golden_axe":2,"minecraft:waxed_copper_grate":9,"minecraft:golden_chestplate":5,"minecraft:honey_bottle":1,"minecraft:tropical_fish":2,"minecraft:armadillo_scute":13,"minecraft:carved_pumpkin":2,"minecraft:glowstone":1,"minecraft:end_rod":3,"minecraft:blaze_rod":11,"minecraft:iron_bars":8,"minecraft:birch_log":39,"minecraft:magma_block":41,"minecraft:water_bucket":4,"minecraft:iron_door":25,"minecraft:flint":21,"minecraft:lantern":1,"minecraft:chipped_anvil":1,"minecraft:stonecutter":2,"minecraft:warped_wart_block":4,"minecraft:brown_mushroom_block":5,"minecraft:ink_sac":10,"minecraft:barrel":1,"minecraft:stripped_acacia_log":13,"minecraft:dispenser":18,"minecraft:deepslate":817,"minecraft:dead_brain_coral_block":4,"minecraft:granite":77,"minecraft:bread":116,"minecraft:music_disc_precipice":3,"minecraft:rooted_dirt":581,"minecraft:crimson_roots":20,"minecraft:diamond_pickaxe":8,"minecraft:crafting_table":14,"minecraft:coarse_dirt":11,"minecraft:ominous_bottle":4,"minecraft:leather_leggings":3,"minecraft:dragon_head":6,"minecraft:purpur_block":9,"minecraft:dead_horn_coral_block":7,"minecraft:wind_charge":7,"minecraft:elytra":5,"minecraft:acacia_door":3,"minecraft:netherite_scrap":4,"minecraft:iron_shovel":2,"minecraft:cracked_stone_bricks":4,"minecraft:netherite_sword":5,"minecraft:deepslate_diamond_ore":27,"minecraft:music_disc_otherside":2,"minecraft:beef":24,"minecraft:poppy":2,"minecraft:spruce_slab":4,"minecraft:guster_pottery_sherd":2,"minecraft:chest":77,"minecraft:egg":1,"minecraft:copper_ore":1,"minecraft:black_stained_glass":2,"minecraft:stone":397,"minecraft:oak_door":7,"minecraft:fire_charge":6,"minecraft:flow_pottery_sherd":1,"minecraft:carrot":5,"minecraft:mushroom_stem":2,"minecraft:redstone":254,"minecraft:netherite_pickaxe":2,"minecraft:decorated_pot":13,"minecraft:shears":1,"minecraft:deepslate_bricks":129,"minecraft:hay_block":169,"minecraft:purpur_slab":1,"minecraft:gold_ingot":91,"minecraft:white_shulker_box":6,"minecraft:tuff_bricks":41,"minecraft:mutton":19,"minecraft:bone_block":51,"minecraft:white_wool":14,"minecraft:rail":20,"minecraft:yellow_shulker_box":23,"minecraft:acacia_wood":113,"minecraft:packed_mud":442,"minecraft:purpur_stairs":8,"minecraft:oak_log":254,"minecraft:ancient_debris":2,"minecraft:golden_boots":4,"minecraft:paper":37,"minecraft:white_banner":5,"minecraft:apple":3,"minecraft:stone_bricks":17,"minecraft:kelp":62,"minecraft:warped_stem":13,"minecraft:iron_ore":47,"minecraft:glass_bottle":3,"minecraft:iron_sword":2,"minecraft:gravel":249,"minecraft:dead_fire_coral_block":8,"minecraft:spruce_sapling":232,"minecraft:spruce_log":2498,"minecraft:dragon_egg":2,"minecraft:crying_obsidian":38,"minecraft:polished_tuff":4,"minecraft:leather_helmet":4,"minecraft:oak_wood":212,"minecraft:diamond_shovel":1,"minecraft:coal_ore":36,"minecraft:diamond_axe":2,"minecraft:deepslate_redstone_ore":44,"minecraft:warped_roots":12,"minecraft:baked_potato":5,"minecraft:melon_seeds":2,"minecraft:warped_nylium":4,"minecraft:crimson_nylium":4,"minecraft:hopper":6,"minecraft:ender_pearl":53,"minecraft:shulker_shell":19,"minecraft:chiseled_deepslate":441,"minecraft:wheat":152,"minecraft:redstone_block":5,"minecraft:ender_chest":4,"minecraft:potion":13,"minecraft:nether_brick":49,"minecraft:dead_tube_coral_block":5,"minecraft:raw_copper":13,"minecraft:deepslate_lapis_ore":16,"minecraft:oak_sign":2,"minecraft:deepslate_tiles":49,"minecraft:black_shulker_box":4,"minecraft:comparator":1,"minecraft:bucket":6,"minecraft:eye_armor_trim_smithing_template":2,"minecraft:redstone_torch":3,"minecraft:ender_eye":15,"minecraft:wooden_shovel":2,"minecraft:iron_pickaxe":1,"minecraft:deepslate_iron_ore":20,"minecraft:iron_boots":9,"minecraft:furnace":12,"minecraft:tipped_arrow":15,"minecraft:stick":397,"minecraft:torch":98,"minecraft:spruce_stairs":2,"minecraft:porkchop":72,"minecraft:pointed_dripstone":8,"minecraft:quartz_block":25,"minecraft:rotten_flesh":420,"minecraft:obsidian":89,"minecraft:cobblestone":885,"minecraft:blaze_powder":1,"minecraft:enchanting_table":2,"minecraft:leather_chestplate":3,"minecraft:repeater":1,"minecraft:magma_cream":9,"minecraft:andesite":7,"minecraft:golden_leggings":3,"minecraft:potato":119,"minecraft:tuff":167,"minecraft:dirt":1002,"minecraft:lapis_lazuli":110,"minecraft:name_tag":8,"minecraft:leather_boots":3,"minecraft:bone":676,"minecraft:acacia_planks":31,"minecraft:bow":46,"minecraft:wheat_seeds":560,"minecraft:cobbled_deepslate_wall":2,"minecraft:raw_gold":121,"minecraft:cobbled_deepslate_slab":34,"minecraft:grindstone":1,"minecraft:bolt_armor_trim_smithing_template":1,"minecraft:mossy_stone_bricks":3,"minecraft:fletching_table":17,"minecraft:oak_planks":54,"minecraft:scrape_pottery_sherd":3,"minecraft:cooked_porkchop":43,"minecraft:music_disc_13":2,"minecraft:sand":27,"minecraft:jungle_planks":2,"minecraft:spectral_arrow":104,"minecraft:shulker_box":3,"minecraft:mossy_cobblestone":175,"minecraft:diamond":139,"minecraft:cracked_polished_blackstone_bricks":35,"minecraft:crossbow":2,"minecraft:breeze_rod":9,"minecraft:bone_meal":6,"minecraft:golden_apple":2,"minecraft:spruce_sign":25,"minecraft:emerald":85,"minecraft:netherrack":1294,"minecraft:oak_sapling":1,"minecraft:chorus_fruit":28,"minecraft:end_stone_bricks":6,"minecraft:charcoal":8,"minecraft:mud_brick_slab":3,"minecraft:splash_potion":6,"minecraft:azure_bluet":2,"minecraft:chest_minecart":1,"minecraft:brown_mushroom":9,"minecraft:gold_block":17,"minecraft:brick":77,"minecraft:shield":3,"minecraft:iron_axe":4,"minecraft:item_frame":16,"minecraft:blackstone":79,"minecraft:spire_armor_trim_smithing_template":1,"minecraft:oak_boat":6,"minecraft:observer":28,"minecraft:light_gray_wool":2,"minecraft:lectern":158,"minecraft:sugar_cane":67,"minecraft:spruce_trapdoor":3,"minecraft:phantom_membrane":7,"minecraft:raw_iron":165,"minecraft:end_stone":193,"minecraft:copper_ingot":2,"minecraft:polished_blackstone_bricks":69,"minecraft:stone_button":2,"minecraft:arrow":726,"minecraft:nether_bricks":36,"minecraft:saddle":5,"minecraft:basalt":4,"minecraft:magenta_banner":2,"minecraft:glow_ink_sac":2,"minecraft:crimson_stem":12,"minecraft:leather":59,"minecraft:crimson_fungus":1,"minecraft:waxed_copper_block":16,"minecraft:gunpowder":249,"minecraft:deepslate_tile_slab":533,"minecraft:acacia_trapdoor":2,"minecraft:iron_ingot":138,"minecraft:cooked_chicken":7,"minecraft:soul_sand":110,"minecraft:book":144,"minecraft:scaffolding":13,"minecraft:oak_slab":5,"minecraft:birch_boat":3,"minecraft:pumpkin":20,"minecraft:quartz":156,"minecraft:dripstone_block":29,"minecraft:raw_iron_block":1,"minecraft:white_bed":9,"minecraft:gold_ore":1,"minecraft:spider_eye":41,"minecraft:pumpkin_seeds":36,"minecraft:dead_bubble_coral_block":11,"minecraft:coal":152,"minecraft:chiseled_tuff_bricks":8,"minecraft:sunflower":19},"minecraft:custom":{"minecraft:interact_with_crafting_table":335,"minecraft:open_barrel":100,"minecraft:eat_cake_slice":4,"minecraft:leave_game":23,"minecraft:time_since_death":107188,"minecraft:damage_blocked_by_shield":21856,"minecraft:play_time":2355992,"minecraft:deaths":60,"minecraft:jump":21190,"minecraft:enchant_item":10,"minecraft:interact_with_furnace":335,"minecraft:traded_with_villager":276,"minecraft:sleep_in_bed":29,"minecraft:damage_dealt":155089,"minecraft:interact_with_smoker":13,"minecraft:inspect_dispenser":91,"minecraft:interact_with_smithing_table":5,"minecraft:interact_with_anvil":61,"minecraft:inspect_hopper":114,"minecraft:sneak_time":81954,"minecraft:total_world_time":2355992,"minecraft:interact_with_stonecutter":55,"minecraft:time_since_rest":107215,"minecraft:swim_one_cm":183049,"minecraft:fly_one_cm":3731816,"minecraft:open_chest":2078,"minecraft:fall_one_cm":532746,"minecraft:open_shulker_box":178,"minecraft:sprint_one_cm":3876447,"minecraft:drop":551,"minecraft:talked_to_villager":387,"minecraft:interact_with_brewingstand":15,"minecraft:walk_on_water_one_cm":246798,"minecraft:open_enderchest":27,"minecraft:crouch_one_cm":275934,"minecraft:mob_kills":2302,"minecraft:climb_one_cm":23550,"minecraft:walk_one_cm":5281862,"minecraft:walk_under_water_one_cm":120546,"minecraft:boat_one_cm":367916,"minecraft:interact_with_grindstone":12,"minecraft:damage_taken":38765,"minecraft:aviate_one_cm":713763},"minecraft:crafted":{"minecraft:black_dye":10,"minecraft:oak_sign":6,"minecraft:blaze_powder":26,"minecraft:birch_boat":1,"minecraft:lever":1,"minecraft:diamond_shovel":1,"minecraft:stripped_acacia_wood":3,"minecraft:bookshelf":24,"minecraft:cooked_mutton":15,"minecraft:shulker_box":8,"minecraft:quartz_block":9,"minecraft:glass":7,"minecraft:repeater":1,"minecraft:diamond_helmet":3,"minecraft:diamond_leggings":2,"minecraft:white_shulker_box":1,"minecraft:glass_bottle":3,"minecraft:redstone_lamp":1,"minecraft:wooden_shovel":1,"minecraft:emerald":389,"minecraft:cooked_porkchop":30,"minecraft:diamond_axe":1,"minecraft:smithing_table":1,"minecraft:cobbled_deepslate_wall":6,"minecraft:copper_ingot":3,"minecraft:sticky_piston":2,"minecraft:fletching_table":2,"minecraft:polished_deepslate_slab":6,"minecraft:lectern":3,"minecraft:wooden_hoe":1,"minecraft:chiseled_deepslate":544,"minecraft:stone_slab":12,"minecraft:iron_pickaxe":1,"minecraft:iron_block":6,"minecraft:gold_ingot":198,"minecraft:acacia_door":3,"minecraft:netherite_ingot":1,"minecraft:polished_deepslate_stairs":8,"minecraft:bone_meal":4226,"minecraft:white_carpet":3,"minecraft:spruce_stairs":68,"minecraft:spruce_slab":6,"minecraft:stone_pickaxe":1,"minecraft:diamond_boots":2,"minecraft:redstone_block":39,"minecraft:wheat":1201,"minecraft:enchanting_table":1,"minecraft:acacia_trapdoor":4,"minecraft:enchanted_book":13,"minecraft:acacia_sign":6,"minecraft:fermented_spider_eye":1,"minecraft:wooden_axe":2,"minecraft:iron_shovel":1,"minecraft:iron_leggings":5,"minecraft:white_bed":9,"minecraft:grindstone":1,"minecraft:oak_planks":244,"minecraft:stone":20,"minecraft:warped_planks":40,"minecraft:hopper":11,"minecraft:bow":50,"minecraft:iron_boots":4,"minecraft:comparator":2,"minecraft:chest":170,"minecraft:ender_eye":24,"minecraft:golden_boots":2,"minecraft:smoker":1,"minecraft:oak_slab":12,"minecraft:item_frame":16,"minecraft:crafting_table":14,"minecraft:spruce_planks":6644,"minecraft:baked_potato":105,"minecraft:wooden_pickaxe":1,"minecraft:iron_helmet":3,"minecraft:gold_block":10,"minecraft:brewing_stand":1,"minecraft:birch_planks":156,"minecraft:pumpkin_seeds":20,"minecraft:black_shulker_box":1,"minecraft:dispenser":16,"minecraft:spruce_trapdoor":6,"minecraft:paper":33,"minecraft:iron_chestplate":3,"minecraft:book":1,"minecraft:diamond_pickaxe":2,"minecraft:charcoal":40,"minecraft:emerald_block":14,"minecraft:yellow_dye":2,"minecraft:shield":7,"minecraft:stick":10213,"minecraft:iron_ingot":129,"minecraft:redstone_torch":56,"minecraft:shears":1,"minecraft:deepslate_tile_slab":136,"minecraft:oak_door":3,"minecraft:cobbled_deepslate_slab":1260,"minecraft:redstone":198,"minecraft:raw_iron":9,"minecraft:stone_brick_wall":17,"minecraft:spruce_button":5,"minecraft:furnace":7,"minecraft:piston":2,"minecraft:flint_and_steel":1,"minecraft:yellow_shulker_box":1,"minecraft:polished_deepslate":184,"minecraft:iron_axe":3,"minecraft:netherite_scrap":3,"minecraft:observer":18,"minecraft:cooked_beef":24,"minecraft:sugar":1,"minecraft:bone_block":415,"minecraft:crimson_planks":48,"minecraft:diamond_sword":1,"minecraft:spruce_sign":39,"minecraft:iron_sword":3,"minecraft:bucket":18,"minecraft:bread":432,"minecraft:air":0,"minecraft:black_stained_glass":56,"minecraft:oak_boat":2,"minecraft:white_wool":25,"minecraft:stonecutter":2,"minecraft:anvil":2,"minecraft:acacia_planks":300,"minecraft:torch":196,"minecraft:lapis_block":7,"minecraft:diamond_chestplate":3,"minecraft:firework_rocket":81},"minecraft:dropped":{"minecraft:iron_sword":5,"minecraft:acacia_wood":42,"minecraft:lapis_lazuli":12,"minecraft:glow_ink_sac":1,"minecraft:glass_bottle":7,"minecraft:diamond":25,"minecraft:crafting_table":2,"minecraft:cooked_porkchop":10,"minecraft:crossbow":2,"minecraft:warped_roots":3,"minecraft:rooted_dirt":3,"minecraft:cracked_stone_bricks":4,"minecraft:purpur_stairs":4,"minecraft:elytra":1,"minecraft:packed_mud":65,"minecraft:dirt":32,"minecraft:stone_button":2,"minecraft:sunflower":3,"minecraft:phantom_membrane":5,"minecraft:sand":1,"minecraft:iron_pickaxe":1,"minecraft:white_wool":4,"minecraft:bone":96,"minecraft:golden_chestplate":3,"minecraft:cobbled_deepslate":16,"minecraft:nether_brick":41,"minecraft:netherite_sword":6,"minecraft:wheat":5,"minecraft:obsidian":10,"minecraft:rotten_flesh":188,"minecraft:oak_planks":13,"minecraft:end_stone":16,"minecraft:azure_bluet":2,"minecraft:waxed_copper_block":3,"minecraft:chiseled_deepslate":2,"minecraft:warped_wart_block":3,"minecraft:crying_obsidian":17,"minecraft:crimson_planks":4,"minecraft:enchanted_book":6,"minecraft:iron_ingot":2,"minecraft:netherite_pickaxe":2,"minecraft:wheat_seeds":4,"minecraft:dripstone_block":17,"minecraft:deepslate_diamond_ore":4,"minecraft:cobbled_deepslate_wall":4,"minecraft:cobblestone":41,"minecraft:purpur_slab":1,"minecraft:iron_helmet":1,"minecraft:waxed_copper_grate":1,"minecraft:granite":6,"minecraft:spruce_button":5,"minecraft:deepslate_tile_slab":2,"minecraft:end_rod":2,"minecraft:wooden_hoe":1,"minecraft:wooden_axe":1,"minecraft:diamond_helmet":1,"minecraft:potion":3,"minecraft:armadillo_scute":1,"minecraft:pumpkin":5,"minecraft:paper":3,"minecraft:string":15,"minecraft:furnace":1,"minecraft:purpur_pillar":2,"minecraft:deepslate":455,"minecraft:polished_deepslate_slab":2,"minecraft:iron_boots":6,"minecraft:pumpkin_seeds":3,"minecraft:diamond_sword":3,"minecraft:potato":3,"minecraft:stone":49,"minecraft:spruce_trapdoor":1,"minecraft:diamond_pickaxe":7,"minecraft:wooden_shovel":1,"minecraft:stone_bricks":2,"minecraft:spider_eye":5,"minecraft:bow":16,"minecraft:guster_pottery_sherd":2,"minecraft:crimson_nylium":4,"minecraft:soul_sand":90,"minecraft:birch_planks":64,"minecraft:diamond_axe":2,"minecraft:baked_potato":21,"minecraft:ender_pearl":3,"minecraft:leather":16,"minecraft:cracked_polished_blackstone_bricks":14,"minecraft:netherite_scrap":1,"minecraft:mutton":1,"minecraft:crimson_roots":9,"minecraft:music_disc_precipice":2,"minecraft:polished_blackstone_bricks":7,"minecraft:black_stained_glass":2,"minecraft:brown_mushroom_block":2,"minecraft:gold_ingot":206,"minecraft:gravel":85,"minecraft:crimson_fungus":1,"minecraft:purpur_block":3,"minecraft:blackstone":32,"minecraft:carrot":2,"minecraft:leather_chestplate":1,"minecraft:trident":1,"minecraft:gunpowder":71,"minecraft:oak_wood":4,"minecraft:basalt":2,"minecraft:iron_bars":8,"minecraft:arrow":134,"minecraft:quartz":51,"minecraft:netherrack":19,"minecraft:firework_rocket":39,"minecraft:bread":368,"minecraft:oak_slab":2,"minecraft:mossy_cobblestone":4,"minecraft:diamond_leggings":1,"minecraft:golden_axe":1,"minecraft:copper_ingot":1,"minecraft:stick":4,"minecraft:torch":10,"minecraft:fire_charge":6,"minecraft:iron_leggings":1,"minecraft:iron_axe":3,"minecraft:bucket":2,"minecraft:tuff_bricks":1,"minecraft:kelp":4,"minecraft:warped_nylium":1,"minecraft:dragon_head":1,"minecraft:flow_pottery_sherd":1,"minecraft:coarse_dirt":1,"minecraft:tuff":62,"minecraft:light_gray_wool":1,"minecraft:ender_eye":8,"minecraft:shulker_box":1,"minecraft:flint_and_steel":1,"minecraft:shield":2,"minecraft:trial_key":2,"minecraft:diamond_chestplate":1,"minecraft:iron_chestplate":1,"minecraft:mossy_stone_bricks":3,"minecraft:oak_sapling":1,"minecraft:diamond_boots":1,"minecraft:stone_pickaxe":1,"minecraft:wooden_pickaxe":1,"minecraft:raw_gold":15,"minecraft:brick":77},"minecraft:mined":{"minecraft:dragon_wall_head":4,"minecraft:white_bed":9,"minecraft:carved_pumpkin":2,"minecraft:obsidian":47,"minecraft:granite":77,"minecraft:stone_brick_wall":1,"minecraft:deepslate_bricks":142,"minecraft:chiseled_tuff_bricks":10,"minecraft:hopper":6,"minecraft:oak_wall_sign":2,"minecraft:spawner":2,"minecraft:polished_blackstone_bricks":69,"minecraft:weeping_vines_plant":1,"minecraft:magma_block":55,"minecraft:sticky_piston":1,"minecraft:fire":4,"minecraft:barrel":1,"minecraft:cobbled_deepslate":355,"minecraft:pumpkin":5,"minecraft:fletching_table":16,"minecraft:deepslate_lapis_ore":33,"minecraft:polished_deepslate_slab":1,"minecraft:dirt_path":6,"minecraft:white_shulker_box":6,"minecraft:tripwire":5,"minecraft:brown_mushroom":8,"minecraft:kelp_plant":10,"minecraft:crimson_nylium":36,"minecraft:deepslate_tile_slab":416,"minecraft:torch":43,"minecraft:spruce_wall_sign":23,"minecraft:sugar_cane":37,"minecraft:repeater":1,"minecraft:wheat":142,"minecraft:waxed_copper_block":15,"minecraft:stonecutter":2,"minecraft:deepslate":4399,"minecraft:attached_pumpkin_stem":1,"minecraft:deepslate_tiles":62,"minecraft:mossy_cobblestone":113,"minecraft:shulker_box":3,"minecraft:end_stone":194,"minecraft:nether_bricks":18,"minecraft:cobbled_deepslate_slab":38,"minecraft:jungle_planks":1,"minecraft:crimson_roots":6,"minecraft:redstone_wire":4,"minecraft:kelp":6,"minecraft:packed_mud":470,"minecraft:acacia_trapdoor":2,"minecraft:waxed_copper_grate":11,"minecraft:andesite":5,"minecraft:potatoes":30,"minecraft:warped_stem":12,"minecraft:bone_block":32,"minecraft:ender_chest":4,"minecraft:mud_brick_slab":3,"minecraft:oak_slab":5,"minecraft:redstone_block":6,"minecraft:comparator":1,"minecraft:soul_sand":15,"minecraft:observer":29,"minecraft:cobbled_deepslate_wall":2,"minecraft:short_grass":358,"minecraft:warped_roots":6,"minecraft:purpur_pillar":11,"minecraft:tall_grass":29,"minecraft:copper_ore":4,"minecraft:deepslate_gold_ore":94,"minecraft:warped_wart_block":6,"minecraft:black_stained_glass":6,"minecraft:coarse_dirt":11,"minecraft:sunflower":10,"minecraft:gravel":187,"minecraft:dripstone_block":8,"minecraft:cobweb":43,"minecraft:acacia_planks":30,"minecraft:stone_bricks":14,"minecraft:gold_ore":6,"minecraft:chipped_anvil":1,"minecraft:fern":1,"minecraft:black_shulker_box":4,"minecraft:spruce_planks":79,"minecraft:brewing_stand":2,"minecraft:spruce_trapdoor":7,"minecraft:grass_block":860,"minecraft:dead_tube_coral_block":6,"minecraft:cracked_polished_blackstone_bricks":36,"minecraft:frosted_ice":11,"minecraft:tuff_bricks":40,"minecraft:raw_iron_block":1,"minecraft:glowstone":1,"minecraft:iron_ore":89,"minecraft:polished_tuff":4,"minecraft:dragon_head":1,"minecraft:anvil":2,"minecraft:azure_bluet":2,"minecraft:pointed_dripstone":1,"minecraft:end_stone_bricks":6,"minecraft:spruce_slab":4,"minecraft:deepslate_redstone_ore":91,"minecraft:quartz_block":25,"minecraft:magenta_wall_banner":2,"minecraft:blackstone":22,"minecraft:dead_bubble_coral_block":11,"minecraft:purpur_stairs":9,"minecraft:chest":70,"minecraft:mushroom_stem":6,"minecraft:cobblestone":321,"minecraft:nether_quartz_ore":70,"minecraft:oak_planks":44,"minecraft:grindstone":1,"minecraft:iron_door":25,"minecraft:wall_torch":38,"minecraft:warped_nylium":1,"minecraft:purpur_block":9,"minecraft:sand":26,"minecraft:dirt":142,"minecraft:dispenser":17,"minecraft:netherrack":1437,"minecraft:oak_leaves":8,"minecraft:nether_gold_ore":2,"minecraft:tuff":200,"minecraft:deepslate_diamond_ore":70,"minecraft:oak_door":4,"minecraft:glow_lichen":1,"minecraft:decorated_pot":35,"minecraft:brown_mushroom_block":6,"minecraft:spruce_leaves":67,"minecraft:rooted_dirt":583,"minecraft:crimson_stem":12,"minecraft:large_fern":17,"minecraft:hay_block":160,"minecraft:spruce_sapling":25,"minecraft:furnace":13,"minecraft:nether_sprouts":1,"minecraft:chiseled_deepslate":470,"minecraft:gold_block":14,"minecraft:dead_horn_coral_block":7,"minecraft:polished_deepslate":130,"minecraft:bookshelf":38,"minecraft:deepslate_iron_ore":116,"minecraft:lantern":1,"minecraft:stripped_acacia_log":16,"minecraft:chorus_plant":5,"minecraft:stone":930,"minecraft:yellow_shulker_box":24,"minecraft:podzol":13,"minecraft:basalt":4,"minecraft:crafting_table":12,"minecraft:oak_wood":3,"minecraft:lectern":158,"minecraft:stone_slab":5,"minecraft:lapis_ore":2,"minecraft:polished_blackstone_brick_stairs":2,"minecraft:spruce_stairs":2,"minecraft:dead_fire_coral_block":8,"minecraft:redstone_torch":3,"minecraft:white_wall_banner":3,"minecraft:dead_brain_coral_block":4,"minecraft:coal_ore":96,"minecraft:end_rod":3,"minecraft:cracked_stone_bricks":6,"minecraft:mossy_stone_bricks":5,"minecraft:acacia_wall_sign":2}},"DataVersion":3953}