{"stats":{"minecraft:used":{"minecraft:iron_shovel":267,"minecraft:polished_deepslate":287,"minecraft:chiseled_deepslate":838,"minecraft:chest":36,"minecraft:shield":145,"minecraft:iron_sword":18,"minecraft:iron_chestplate":1,"minecraft:soul_sand":14,"minecraft:nether_bricks":23,"minecraft:jungle_planks":2,"minecraft:deepslate_tile_slab":321,"minecraft:deepslate_brick_slab":97,"minecraft:obsidian":1,"minecraft:polished_deepslate_stairs":8,"minecraft:lava_bucket":8,"minecraft:grass_block":2,"minecraft:lantern":1,"minecraft:quartz_block":17,"minecraft:packed_mud":2,"minecraft:warped_nylium":1,"minecraft:iron_helmet":1,"minecraft:crimson_roots":2,"minecraft:bow":47,"minecraft:hay_block":26,"minecraft:furnace":15,"minecraft:egg":1,"minecraft:stone_pickaxe":74,"minecraft:acacia_trapdoor":5,"minecraft:dark_oak_sign":4,"minecraft:oak_planks":33,"minecraft:blackstone":36,"minecraft:ender_pearl":5,"minecraft:wooden_pickaxe":6,"minecraft:diamond_axe":5,"minecraft:sugar_cane":14,"minecraft:crossbow":1,"minecraft:dripstone_block":4,"minecraft:shears":4,"minecraft:deepslate_tiles":160,"minecraft:acacia_door":2,"minecraft:string":2,"minecraft:bread":110,"minecraft:lectern":1,"minecraft:gravel":22,"minecraft:diamond_sword":163,"minecraft:grindstone":1,"minecraft:smithing_table":1,"minecraft:oak_boat":2,"minecraft:coarse_dirt":28,"minecraft:bone_meal":117,"minecraft:netherite_sword":1095,"minecraft:enchanting_table":4,"minecraft:acacia_log":5,"minecraft:flint_and_steel":5,"minecraft:wooden_shovel":13,"minecraft:netherrack":478,"minecraft:oak_door":4,"minecraft:torch":107,"minecraft:brewing_stand":3,"minecraft:warped_wart_block":1,"minecraft:dirt":276,"minecraft:anvil":3,"minecraft:white_carpet":1,"minecraft:hopper":3,"minecraft:diamond_helmet":3,"minecraft:wooden_axe":39,"minecraft:bookshelf":21,"minecraft:iron_axe":215,"minecraft:rooted_dirt":91,"minecraft:polished_blackstone_brick_stairs":1,"minecraft:iron_boots":2,"minecraft:crimson_planks":40,"minecraft:black_stained_glass":54,"minecraft:golden_carrot":9,"minecraft:beef":2,"minecraft:cooked_beef":18,"minecraft:acacia_planks":33,"minecraft:cobbled_deepslate":328,"minecraft:pumpkin":5,"minecraft:pointed_dripstone":1,"minecraft:cobbled_deepslate_wall":4,"minecraft:wheat_seeds":58,"minecraft:cooked_mutton":12,"minecraft:water_bucket":169,"minecraft:dirt_path":5,"minecraft:birch_planks":76,"minecraft:glass_bottle":3,"minecraft:birch_boat":4,"minecraft:brown_mushroom":10,"minecraft:fletching_table":2,"minecraft:white_dye":4,"minecraft:glow_ink_sac":4,"minecraft:stonecutter":1,"minecraft:warped_roots":3,"minecraft:deepslate_bricks":2,"minecraft:polished_blackstone_bricks":37,"minecraft:polished_deepslate_slab":4,"minecraft:crafting_table":18,"minecraft:white_bed":2,"minecraft:spruce_log":16,"minecraft:warped_planks":36,"minecraft:deepslate_tile_wall":35,"minecraft:oak_log":1,"minecraft:wooden_hoe":56,"minecraft:ender_eye":26,"minecraft:diamond_pickaxe":3589,"minecraft:diamond_shovel":100,"minecraft:acacia_sign":10,"minecraft:cracked_polished_blackstone_bricks":21,"minecraft:sunflower":1,"minecraft:iron_pickaxe":239,"minecraft:stone_slab":6,"minecraft:spruce_sapling":9,"minecraft:cobblestone":142,"minecraft:porkchop":2,"minecraft:cooked_porkchop":29,"minecraft:bucket":178,"minecraft:kelp":47,"minecraft:splash_potion":3},"minecraft:dropped":{"minecraft:iron_sword":4,"minecraft:acacia_wood":42,"minecraft:soul_sand":90,"minecraft:birch_planks":64,"minecraft:lapis_lazuli":12,"minecraft:ender_pearl":3,"minecraft:diamond":4,"minecraft:crafting_table":1,"minecraft:crossbow":2,"minecraft:warped_roots":3,"minecraft:rooted_dirt":1,"minecraft:cracked_stone_bricks":4,"minecraft:packed_mud":1,"minecraft:cracked_polished_blackstone_bricks":14,"minecraft:dirt":24,"minecraft:stone_button":2,"minecraft:crimson_roots":2,"minecraft:sunflower":2,"minecraft:polished_blackstone_bricks":7,"minecraft:iron_pickaxe":1,"minecraft:black_stained_glass":2,"minecraft:white_wool":1,"minecraft:gold_ingot":206,"minecraft:gravel":85,"minecraft:blackstone":30,"minecraft:cobbled_deepslate":14,"minecraft:golden_chestplate":1,"minecraft:nether_brick":41,"minecraft:netherite_sword":5,"minecraft:obsidian":10,"minecraft:rotten_flesh":37,"minecraft:oak_planks":10,"minecraft:end_stone":14,"minecraft:carrot":1,"minecraft:chiseled_deepslate":1,"minecraft:gunpowder":6,"minecraft:oak_wood":4,"minecraft:basalt":2,"minecraft:iron_bars":8,"minecraft:arrow":6,"minecraft:warped_wart_block":3,"minecraft:crying_obsidian":17,"minecraft:quartz":51,"minecraft:netherrack":17,"minecraft:bread":12,"minecraft:crimson_planks":4,"minecraft:iron_ingot":2,"minecraft:enchanted_book":1,"minecraft:oak_slab":2,"minecraft:wheat_seeds":4,"minecraft:mossy_cobblestone":4,"minecraft:dripstone_block":17,"minecraft:golden_axe":1,"minecraft:cobblestone":18,"minecraft:iron_helmet":1,"minecraft:granite":6,"minecraft:stick":1,"minecraft:wooden_hoe":1,"minecraft:torch":1,"minecraft:wooden_axe":1,"minecraft:fire_charge":6,"minecraft:potion":3,"minecraft:iron_leggings":1,"minecraft:armadillo_scute":1,"minecraft:pumpkin":5,"minecraft:iron_axe":1,"minecraft:string":2,"minecraft:bucket":1,"minecraft:furnace":1,"minecraft:kelp":4,"minecraft:warped_nylium":1,"minecraft:coarse_dirt":1,"minecraft:tuff":6,"minecraft:polished_deepslate_slab":2,"minecraft:light_gray_wool":1,"minecraft:iron_boots":5,"minecraft:ender_eye":8,"minecraft:diamond_sword":2,"minecraft:diamond_pickaxe":1,"minecraft:iron_chestplate":1,"minecraft:mossy_stone_bricks":3,"minecraft:oak_sapling":1,"minecraft:stone_bricks":2,"minecraft:spider_eye":5,"minecraft:stone_pickaxe":1,"minecraft:bow":1,"minecraft:wooden_pickaxe":1,"minecraft:raw_gold":15},"minecraft:broken":{"minecraft:golden_boots":1,"minecraft:iron_boots":1,"minecraft:wooden_axe":1,"minecraft:shield":2,"minecraft:iron_axe":2},"minecraft:killed_by":{"minecraft:piglin_brute":2,"minecraft:creeper":2,"minecraft:magma_cube":1,"minecraft:zombie":2,"minecraft:spider":1,"minecraft:enderman":1,"minecraft:ender_dragon":2,"minecraft:skeleton":3},"minecraft:mined":{"minecraft:brewing_stand":2,"minecraft:carved_pumpkin":2,"minecraft:obsidian":2,"minecraft:granite":6,"minecraft:grass_block":249,"minecraft:cracked_polished_blackstone_bricks":36,"minecraft:deepslate_bricks":2,"minecraft:hopper":2,"minecraft:spawner":2,"minecraft:polished_blackstone_bricks":69,"minecraft:weeping_vines_plant":1,"minecraft:raw_iron_block":1,"minecraft:fire":4,"minecraft:iron_ore":24,"minecraft:cobbled_deepslate":196,"minecraft:fletching_table":1,"minecraft:pumpkin":5,"minecraft:deepslate_lapis_ore":11,"minecraft:anvil":2,"minecraft:azure_bluet":2,"minecraft:pointed_dripstone":1,"minecraft:polished_deepslate_slab":1,"minecraft:dirt_path":5,"minecraft:tripwire":2,"minecraft:deepslate_redstone_ore":22,"minecraft:brown_mushroom":8,"minecraft:quartz_block":8,"minecraft:blackstone":20,"minecraft:kelp_plant":10,"minecraft:crimson_nylium":14,"minecraft:deepslate_tile_slab":24,"minecraft:torch":7,"minecraft:chest":13,"minecraft:mushroom_stem":4,"minecraft:nether_quartz_ore":52,"minecraft:cobblestone":128,"minecraft:sugar_cane":12,"minecraft:oak_planks":12,"minecraft:iron_door":21,"minecraft:wall_torch":24,"minecraft:warped_nylium":1,"minecraft:wheat":51,"minecraft:sand":4,"minecraft:dirt":46,"minecraft:netherrack":574,"minecraft:oak_leaves":8,"minecraft:deepslate":1509,"minecraft:attached_pumpkin_stem":1,"minecraft:deepslate_tiles":16,"minecraft:nether_gold_ore":2,"minecraft:tuff":26,"minecraft:mossy_cobblestone":64,"minecraft:deepslate_diamond_ore":14,"minecraft:oak_door":4,"minecraft:end_stone":14,"minecraft:nether_bricks":18,"minecraft:jungle_planks":1,"minecraft:crimson_roots":4,"minecraft:brown_mushroom_block":3,"minecraft:spruce_leaves":6,"minecraft:kelp":6,"minecraft:rooted_dirt":86,"minecraft:crimson_stem":12,"minecraft:large_fern":16,"minecraft:hay_block":72,"minecraft:spruce_sapling":6,"minecraft:packed_mud":12,"minecraft:furnace":10,"minecraft:acacia_trapdoor":2,"minecraft:nether_sprouts":1,"minecraft:chiseled_deepslate":361,"minecraft:gold_block":14,"minecraft:polished_deepslate":130,"minecraft:bookshelf":24,"minecraft:deepslate_iron_ore":77,"minecraft:lantern":1,"minecraft:warped_stem":12,"minecraft:stripped_acacia_log":16,"minecraft:stone":278,"minecraft:soul_sand":8,"minecraft:basalt":4,"minecraft:crafting_table":8,"minecraft:cobbled_deepslate_wall":2,"minecraft:short_grass":191,"minecraft:oak_wood":3,"minecraft:warped_roots":6,"minecraft:lectern":1,"minecraft:stone_slab":5,"minecraft:copper_ore":3,"minecraft:tall_grass":21,"minecraft:deepslate_gold_ore":35,"minecraft:polished_blackstone_brick_stairs":2,"minecraft:warped_wart_block":6,"minecraft:black_stained_glass":6,"minecraft:coarse_dirt":9,"minecraft:coal_ore":36,"minecraft:sunflower":8,"minecraft:gravel":29,"minecraft:dripstone_block":8,"minecraft:cobweb":36,"minecraft:cracked_stone_bricks":5,"minecraft:acacia_planks":30,"minecraft:stone_bricks":5,"minecraft:mossy_stone_bricks":3,"minecraft:gold_ore":1,"minecraft:acacia_wall_sign":2,"minecraft:fern":1},"minecraft:crafted":{"minecraft:black_dye":10,"minecraft:grindstone":1,"minecraft:oak_planks":220,"minecraft:blaze_powder":26,"minecraft:birch_boat":1,"minecraft:stone":15,"minecraft:diamond_shovel":1,"minecraft:stripped_acacia_wood":3,"minecraft:bookshelf":22,"minecraft:cooked_mutton":12,"minecraft:warped_planks":40,"minecraft:quartz_block":9,"minecraft:glass":4,"minecraft:hopper":1,"minecraft:diamond_helmet":1,"minecraft:diamond_leggings":1,"minecraft:bow":34,"minecraft:iron_boots":2,"minecraft:chest":18,"minecraft:ender_eye":24,"minecraft:golden_boots":2,"minecraft:glass_bottle":3,"minecraft:oak_slab":6,"minecraft:wooden_shovel":1,"minecraft:emerald":16,"minecraft:diamond_axe":1,"minecraft:cooked_porkchop":29,"minecraft:crafting_table":10,"minecraft:spruce_planks":340,"minecraft:wooden_pickaxe":1,"minecraft:iron_helmet":2,"minecraft:smithing_table":1,"minecraft:cobbled_deepslate_wall":6,"minecraft:fletching_table":1,"minecraft:gold_block":2,"minecraft:brewing_stand":1,"minecraft:birch_planks":156,"minecraft:polished_deepslate_slab":6,"minecraft:lectern":1,"minecraft:iron_chestplate":2,"minecraft:book":1,"minecraft:wooden_hoe":1,"minecraft:paper":3,"minecraft:diamond_pickaxe":1,"minecraft:charcoal":23,"minecraft:chiseled_deepslate":544,"minecraft:shield":3,"minecraft:stick":728,"minecraft:stone_slab":12,"minecraft:iron_ingot":65,"minecraft:iron_pickaxe":1,"minecraft:iron_block":3,"minecraft:acacia_door":3,"minecraft:gold_ingot":150,"minecraft:netherite_ingot":1,"minecraft:shears":1,"minecraft:oak_door":3,"minecraft:cobbled_deepslate_slab":1248,"minecraft:raw_iron":9,"minecraft:polished_deepslate_stairs":8,"minecraft:furnace":6,"minecraft:bone_meal":2268,"minecraft:white_carpet":3,"minecraft:polished_deepslate":184,"minecraft:iron_axe":3,"minecraft:stone_pickaxe":1,"minecraft:netherite_scrap":2,"minecraft:wheat":333,"minecraft:cooked_beef":18,"minecraft:sugar":1,"minecraft:bone_block":239,"minecraft:crimson_planks":48,"minecraft:diamond_sword":1,"minecraft:enchanting_table":1,"minecraft:iron_sword":3,"minecraft:acacia_trapdoor":4,"minecraft:bucket":3,"minecraft:bread":127,"minecraft:air":0,"minecraft:black_stained_glass":56,"minecraft:oak_boat":1,"minecraft:white_wool":13,"minecraft:acacia_sign":6,"minecraft:fermented_spider_eye":1,"minecraft:wooden_axe":2,"minecraft:iron_shovel":1,"minecraft:iron_leggings":2,"minecraft:stonecutter":1,"minecraft:anvil":1,"minecraft:white_bed":2,"minecraft:acacia_planks":300,"minecraft:torch":68,"minecraft:diamond_chestplate":1},"minecraft:killed":{"minecraft:cave_spider":1,"minecraft:spider":32,"minecraft:skeleton":788,"minecraft:chicken":1,"minecraft:silverfish":7,"minecraft:piglin_brute":10,"minecraft:magma_cube":11,"minecraft:piglin":11,"minecraft:pig":14,"minecraft:zombie_villager":1,"minecraft:creeper":23,"minecraft:sheep":12,"minecraft:pillager":5,"minecraft:zombie":93,"minecraft:blaze":12,"minecraft:cow":15,"minecraft:phantom":5,"minecraft:hoglin":8,"minecraft:squid":4,"minecraft:enderman":33},"minecraft:picked_up":{"minecraft:chiseled_deepslate":338,"minecraft:wheat":51,"minecraft:anvil":3,"minecraft:stone_slab":5,"minecraft:diamond_sword":2,"minecraft:potion":3,"minecraft:enchanted_book":2,"minecraft:nether_brick":49,"minecraft:brewing_stand":2,"minecraft:golden_sword":1,"minecraft:polished_deepslate":127,"minecraft:polished_blackstone_brick_stairs":1,"minecraft:string":156,"minecraft:raw_copper":13,"minecraft:deepslate_tiles":15,"minecraft:gold_nugget":9,"minecraft:cobbled_deepslate":1609,"minecraft:eye_armor_trim_smithing_template":2,"minecraft:acacia_sign":3,"minecraft:ender_eye":10,"minecraft:iron_pickaxe":1,"minecraft:iron_boots":8,"minecraft:furnace":9,"minecraft:stick":5,"minecraft:torch":34,"minecraft:acacia_log":10,"minecraft:porkchop":68,"minecraft:golden_axe":2,"minecraft:pointed_dripstone":8,"minecraft:golden_chestplate":1,"minecraft:quartz_block":8,"minecraft:rotten_flesh":110,"minecraft:armadillo_scute":5,"minecraft:carved_pumpkin":1,"minecraft:blaze_rod":11,"minecraft:obsidian":47,"minecraft:iron_bars":8,"minecraft:blaze_powder":1,"minecraft:cobblestone":501,"minecraft:birch_log":39,"minecraft:enchanting_table":2,"minecraft:magma_cream":5,"minecraft:iron_door":17,"minecraft:potato":1,"minecraft:flint":2,"minecraft:tuff":25,"minecraft:lapis_lazuli":59,"minecraft:dirt":319,"minecraft:lantern":1,"minecraft:name_tag":2,"minecraft:leather_boots":1,"minecraft:bone":219,"minecraft:acacia_planks":31,"minecraft:bow":9,"minecraft:wheat_seeds":204,"minecraft:cobbled_deepslate_wall":2,"minecraft:raw_gold":61,"minecraft:fletching_table":1,"minecraft:mossy_stone_bricks":3,"minecraft:oak_planks":19,"minecraft:cooked_porkchop":1,"minecraft:music_disc_13":1,"minecraft:warped_wart_block":4,"minecraft:sand":4,"minecraft:jungle_planks":2,"minecraft:ink_sac":10,"minecraft:spectral_arrow":104,"minecraft:mossy_cobblestone":128,"minecraft:stripped_acacia_log":13,"minecraft:diamond":30,"minecraft:cracked_polished_blackstone_bricks":35,"minecraft:crossbow":2,"minecraft:granite":6,"minecraft:ominous_bottle":1,"minecraft:bread":2,"minecraft:rooted_dirt":109,"minecraft:oak_sapling":1,"minecraft:netherrack":533,"minecraft:crimson_roots":9,"minecraft:diamond_pickaxe":1,"minecraft:charcoal":8,"minecraft:coarse_dirt":9,"minecraft:crafting_table":9,"minecraft:azure_bluet":2,"minecraft:splash_potion":4,"minecraft:brown_mushroom":9,"minecraft:gold_block":17,"minecraft:iron_axe":1,"minecraft:acacia_door":3,"minecraft:netherite_scrap":2,"minecraft:blackstone":77,"minecraft:cracked_stone_bricks":4,"minecraft:netherite_sword":4,"minecraft:music_disc_otherside":1,"minecraft:beef":20,"minecraft:oak_boat":2,"minecraft:lectern":1,"minecraft:light_gray_wool":2,"minecraft:sugar_cane":16,"minecraft:chest":14,"minecraft:phantom_membrane":1,"minecraft:egg":1,"minecraft:black_stained_glass":2,"minecraft:raw_iron":112,"minecraft:end_stone":14,"minecraft:oak_door":7,"minecraft:fire_charge":6,"minecraft:polished_blackstone_bricks":69,"minecraft:stone_button":2,"minecraft:carrot":3,"minecraft:redstone":92,"minecraft:arrow":121,"minecraft:nether_bricks":36,"minecraft:deepslate_bricks":2,"minecraft:hay_block":72,"minecraft:saddle":3,"minecraft:gold_ingot":88,"minecraft:mutton":18,"minecraft:white_wool":13,"minecraft:basalt":4,"minecraft:crimson_stem":12,"minecraft:leather":35,"minecraft:acacia_wood":113,"minecraft:packed_mud":15,"minecraft:oak_log":254,"minecraft:ancient_debris":2,"minecraft:golden_boots":1,"minecraft:gunpowder":47,"minecraft:deepslate_tile_slab":26,"minecraft:paper":34,"minecraft:white_banner":1,"minecraft:stone_bricks":7,"minecraft:kelp":57,"minecraft:acacia_trapdoor":2,"minecraft:warped_stem":11,"minecraft:iron_ingot":56,"minecraft:soul_sand":103,"minecraft:iron_sword":1,"minecraft:book":87,"minecraft:birch_boat":3,"minecraft:pumpkin":15,"minecraft:quartz":103,"minecraft:raw_iron_block":1,"minecraft:dripstone_block":29,"minecraft:gravel":112,"minecraft:spruce_sapling":9,"minecraft:spruce_log":150,"minecraft:crying_obsidian":38,"minecraft:dragon_egg":1,"minecraft:spider_eye":12,"minecraft:leather_helmet":1,"minecraft:pumpkin_seeds":27,"minecraft:oak_wood":206,"minecraft:diamond_shovel":1,"minecraft:warped_roots":12,"minecraft:warped_nylium":4,"minecraft:coal":119,"minecraft:hopper":2,"minecraft:ender_pearl":33,"minecraft:sunflower":7},"minecraft:custom":{"minecraft:interact_with_crafting_table":169,"minecraft:leave_game":8,"minecraft:time_since_death":87191,"minecraft:sprint_one_cm":1345133,"minecraft:damage_blocked_by_shield":6237,"minecraft:drop":321,"minecraft:talked_to_villager":12,"minecraft:play_time":930706,"minecraft:deaths":23,"minecraft:jump":9146,"minecraft:interact_with_brewingstand":10,"minecraft:walk_on_water_one_cm":140592,"minecraft:enchant_item":10,"minecraft:interact_with_furnace":222,"minecraft:traded_with_villager":16,"minecraft:sleep_in_bed":5,"minecraft:damage_dealt":73868,"minecraft:crouch_one_cm":70452,"minecraft:interact_with_smithing_table":5,"minecraft:mob_kills":1098,"minecraft:interact_with_anvil":22,"minecraft:inspect_hopper":66,"minecraft:climb_one_cm":1530,"minecraft:walk_one_cm":1955512,"minecraft:sneak_time":20335,"minecraft:walk_under_water_one_cm":90629,"minecraft:boat_one_cm":175374,"minecraft:total_world_time":930706,"minecraft:interact_with_grindstone":9,"minecraft:interact_with_stonecutter":11,"minecraft:time_since_rest":36099,"minecraft:damage_taken":16306,"minecraft:swim_one_cm":136344,"minecraft:fly_one_cm":1671540,"minecraft:open_chest":572,"minecraft:fall_one_cm":203481}},"DataVersion":3953}