{"stats":{"minecraft:used":{"minecraft:carved_pumpkin":1,"minecraft:chest":2,"minecraft:shield":97,"minecraft:iron_sword":335,"minecraft:cooked_chicken":7,"minecraft:rotten_flesh":19,"minecraft:netherrack":108,"minecraft:oak_door":5,"minecraft:iron_chestplate":1,"minecraft:torch":32,"minecraft:soul_sand":2,"minecraft:dirt":54,"minecraft:jungle_planks":1,"minecraft:nether_bricks":1,"minecraft:shulker_box":1,"minecraft:diamond_helmet":1,"minecraft:deepslate_brick_slab":2,"minecraft:tuff":2,"minecraft:granite":7,"minecraft:obsidian":1,"minecraft:wooden_axe":11,"minecraft:rooted_dirt":4,"minecraft:iron_helmet":1,"minecraft:iron_boots":1,"minecraft:stone_bricks":1,"minecraft:smooth_basalt":1,"minecraft:golden_sword":1,"minecraft:basalt":4,"minecraft:diamond_chestplate":1,"minecraft:bow":5,"minecraft:furnace":11,"minecraft:netherite_pickaxe":905,"minecraft:cooked_mutton":2,"minecraft:acacia_planks":1,"minecraft:cooked_beef":5,"minecraft:cobbled_deepslate":92,"minecraft:golden_axe":10,"minecraft:iron_leggings":2,"minecraft:golden_boots":1,"minecraft:spruce_door":1,"minecraft:mossy_stone_bricks":1,"minecraft:birch_planks":40,"minecraft:oak_planks":3,"minecraft:blackstone":35,"minecraft:ender_pearl":3,"minecraft:polished_blackstone_bricks":6,"minecraft:crafting_table":13,"minecraft:crossbow":23,"minecraft:dripstone_block":3,"minecraft:end_stone":10,"minecraft:bread":51,"minecraft:string":1,"minecraft:spruce_sapling":2,"minecraft:iron_door":1,"minecraft:diamond_sword":603,"minecraft:cobblestone":82,"minecraft:porkchop":3,"minecraft:cooked_porkchop":42,"minecraft:jungle_door":3,"minecraft:bone_meal":9},"minecraft:dropped":{"minecraft:bread":22,"minecraft:golden_boots":1,"minecraft:iron_sword":3,"minecraft:netherite_pickaxe":1,"minecraft:soul_sand":1,"minecraft:wheat_seeds":21,"minecraft:golden_helmet":1,"minecraft:lapis_lazuli":3,"minecraft:warped_fungus":2,"minecraft:ender_pearl":6,"minecraft:feather":11,"minecraft:weeping_vines":2,"minecraft:cobblestone":75,"minecraft:warped_roots":4,"minecraft:spectral_arrow":2,"minecraft:leather":2,"minecraft:jungle_planks":944,"minecraft:tropical_fish":1,"minecraft:stick":4,"minecraft:crimson_roots":3,"minecraft:gilded_blackstone":15,"minecraft:sunflower":1,"minecraft:fire_charge":1,"minecraft:gold_nugget":24,"minecraft:polished_blackstone_bricks":2,"minecraft:jungle_boat":1,"minecraft:string":26,"minecraft:acacia_planks":1,"minecraft:gold_ingot":17,"minecraft:redstone":60,"minecraft:oak_door":2,"minecraft:gravel":1,"minecraft:crimson_fungus":2,"minecraft:blackstone":1,"minecraft:ancient_debris":1,"minecraft:iron_nugget":52,"minecraft:warped_nylium":3,"minecraft:cobbled_deepslate":28,"minecraft:stone_sword":1,"minecraft:blaze_rod":6,"minecraft:tuff":4,"minecraft:obsidian":3,"minecraft:pointed_dripstone":4,"minecraft:chicken":1,"minecraft:rotten_flesh":10,"minecraft:oak_planks":1,"minecraft:ender_eye":1,"minecraft:nether_bricks":12,"minecraft:pumpkin_seeds":3,"minecraft:carrot":1,"minecraft:diamond_sword":3,"minecraft:potato":1,"minecraft:shield":1,"minecraft:oak_wood":2,"minecraft:iron_chestplate":1,"minecraft:golden_sword":1,"minecraft:carved_pumpkin":1,"minecraft:spider_eye":1,"minecraft:birch_boat":1,"minecraft:arrow":13},"minecraft:broken":{"minecraft:golden_sword":1,"minecraft:iron_sword":1},"minecraft:killed_by":{"minecraft:piglin_brute":1,"minecraft:ender_dragon":1,"minecraft:piglin":1,"minecraft:skeleton":4},"minecraft:mined":{"minecraft:tuff":2,"minecraft:deepslate_diamond_ore":20,"minecraft:oak_door":4,"minecraft:shulker_box":1,"minecraft:end_stone":10,"minecraft:carved_pumpkin":1,"minecraft:obsidian":3,"minecraft:granite":8,"minecraft:grass_block":37,"minecraft:jungle_planks":1,"minecraft:crimson_roots":6,"minecraft:cracked_polished_blackstone_bricks":1,"minecraft:weeping_vines":1,"minecraft:crimson_fungus":2,"minecraft:spawner":1,"minecraft:large_fern":8,"minecraft:deepslate_brick_slab":1,"minecraft:polished_blackstone_bricks":11,"minecraft:weeping_vines_plant":3,"minecraft:packed_mud":1,"minecraft:furnace":9,"minecraft:fire":1,"minecraft:iron_ore":98,"minecraft:cobbled_deepslate":11,"minecraft:acacia_wood":1,"minecraft:pointed_dripstone":1,"minecraft:deepslate_iron_ore":4,"minecraft:stripped_acacia_log":1,"minecraft:stone":251,"minecraft:jungle_door":1,"minecraft:deepslate_redstone_ore":13,"minecraft:soul_sand":3,"minecraft:blackstone":12,"minecraft:infested_stone_bricks":1,"minecraft:crimson_nylium":21,"minecraft:basalt":7,"minecraft:spruce_door":1,"minecraft:crafting_table":8,"minecraft:cornflower":1,"minecraft:torch":6,"minecraft:short_grass":120,"minecraft:oak_wood":7,"minecraft:warped_roots":1,"minecraft:chest":2,"minecraft:tall_grass":2,"minecraft:deepslate_gold_ore":6,"minecraft:oak_planks":3,"minecraft:iron_door":1,"minecraft:wall_torch":6,"minecraft:warped_wart_block":1,"minecraft:warped_nylium":6,"minecraft:nether_wart_block":1,"minecraft:coal_ore":109,"minecraft:sunflower":1,"minecraft:gravel":4,"minecraft:dripstone_block":6,"minecraft:dirt":5,"minecraft:stone_bricks":1,"minecraft:netherrack":46,"minecraft:mossy_stone_bricks":1,"minecraft:gold_ore":13,"minecraft:deepslate":117,"minecraft:fern":1},"minecraft:crafted":{"minecraft:oak_door":3,"minecraft:oak_planks":28,"minecraft:cooked_chicken":7,"minecraft:furnace":3,"minecraft:stone":8,"minecraft:bone_meal":9,"minecraft:cooked_mutton":2,"minecraft:diamond_helmet":1,"minecraft:bow":1,"minecraft:iron_boots":1,"minecraft:chest":1,"minecraft:golden_boots":1,"minecraft:wheat":63,"minecraft:cooked_beef":8,"minecraft:diamond_sword":2,"minecraft:cooked_porkchop":44,"minecraft:crafting_table":6,"minecraft:jungle_boat":1,"minecraft:iron_helmet":1,"minecraft:iron_sword":1,"minecraft:bread":19,"minecraft:jungle_planks":456,"minecraft:jungle_door":3,"minecraft:iron_chestplate":1,"minecraft:shield":2,"minecraft:stick":16,"minecraft:iron_ingot":37,"minecraft:wooden_axe":1,"minecraft:gold_ingot":28,"minecraft:iron_leggings":1,"minecraft:acacia_planks":8,"minecraft:torch":16,"minecraft:diamond_chestplate":1},"minecraft:killed":{"minecraft:spider":11,"minecraft:phantom":1,"minecraft:skeleton":14,"minecraft:chicken":12,"minecraft:silverfish":2,"minecraft:piglin_brute":2,"minecraft:piglin":10,"minecraft:pig":9,"minecraft:hoglin":5,"minecraft:creeper":2,"minecraft:sheep":1,"minecraft:zombie":19,"minecraft:blaze":3,"minecraft:enderman":8,"minecraft:cow":4},"minecraft:picked_up":{"minecraft:cocoa_beans":39,"minecraft:crafting_table":9,"minecraft:iron_chestplate":1,"minecraft:wheat":6,"minecraft:chicken":12,"minecraft:diamond_sword":3,"minecraft:gilded_blackstone":15,"minecraft:nether_brick":6,"minecraft:shield":2,"minecraft:golden_sword":2,"minecraft:string":31,"minecraft:iron_leggings":1,"minecraft:blackstone":36,"minecraft:gold_nugget":14,"minecraft:cobbled_deepslate":139,"minecraft:beef":9,"minecraft:ender_eye":1,"minecraft:iron_nugget":43,"minecraft:chest":1,"minecraft:phantom_membrane":1,"minecraft:furnace":11,"minecraft:iron_boots":1,"minecraft:golden_helmet":1,"minecraft:stick":2,"minecraft:raw_iron":124,"minecraft:end_stone":12,"minecraft:jungle_door":1,"minecraft:oak_door":6,"minecraft:torch":15,"minecraft:fire_charge":1,"minecraft:porkchop":42,"minecraft:polished_blackstone_bricks":8,"minecraft:golden_axe":1,"minecraft:pointed_dripstone":4,"minecraft:carrot":1,"minecraft:redstone":60,"minecraft:netherite_pickaxe":1,"minecraft:diamond_chestplate":1,"minecraft:stone_sword":1,"minecraft:arrow":43,"minecraft:weeping_vines":4,"minecraft:rotten_flesh":22,"minecraft:tropical_fish":1,"minecraft:nether_bricks":13,"minecraft:hay_block":8,"minecraft:carved_pumpkin":2,"minecraft:mutton":2,"minecraft:gold_ingot":6,"minecraft:blaze_rod":6,"minecraft:white_wool":1,"minecraft:obsidian":4,"minecraft:cobblestone":250,"minecraft:glow_ink_sac":2,"minecraft:cooked_beef":1,"minecraft:feather":13,"minecraft:basalt":4,"minecraft:iron_door":1,"minecraft:leather":19,"minecraft:jungle_wood":118,"minecraft:acacia_wood":1,"minecraft:potato":1,"minecraft:birch_planks":64,"minecraft:crimson_fungus":2,"minecraft:tuff":6,"minecraft:ancient_debris":1,"minecraft:golden_boots":1,"minecraft:dirt":67,"minecraft:lapis_lazuli":12,"minecraft:cooked_mutton":6,"minecraft:bone":23,"minecraft:stone_bricks":1,"minecraft:bow":1,"minecraft:wheat_seeds":43,"minecraft:deepslate_brick_slab":2,"minecraft:raw_gold":73,"minecraft:iron_ingot":8,"minecraft:iron_ore":1,"minecraft:mossy_stone_bricks":1,"minecraft:diamond_helmet":1,"minecraft:iron_sword":8,"minecraft:oak_planks":2,"minecraft:soul_sand":36,"minecraft:warped_fungus":2,"minecraft:smooth_basalt":1,"minecraft:birch_boat":1,"minecraft:quartz":10,"minecraft:dripstone_block":6,"minecraft:gravel":1,"minecraft:jungle_planks":519,"minecraft:spruce_sapling":2,"minecraft:spruce_door":1,"minecraft:spectral_arrow":17,"minecraft:spider_eye":2,"minecraft:shulker_box":2,"minecraft:stripped_acacia_log":1,"minecraft:oak_wood":9,"minecraft:pumpkin_seeds":3,"minecraft:diamond":19,"minecraft:granite":13,"minecraft:crossbow":1,"minecraft:warped_roots":4,"minecraft:bread":53,"minecraft:rooted_dirt":4,"minecraft:netherrack":108,"minecraft:warped_nylium":3,"minecraft:coal":234,"minecraft:crimson_roots":8,"minecraft:sunflower":1,"minecraft:ender_pearl":11},"minecraft:custom":{"minecraft:interact_with_smithing_table":1,"minecraft:mob_kills":109,"minecraft:interact_with_anvil":8,"minecraft:open_shulker_box":1,"minecraft:interact_with_crafting_table":45,"minecraft:leave_game":7,"minecraft:time_since_death":55397,"minecraft:climb_one_cm":1132,"minecraft:sprint_one_cm":1041402,"minecraft:walk_one_cm":1092567,"minecraft:damage_blocked_by_shield":4504,"minecraft:drop":129,"minecraft:talked_to_villager":4,"minecraft:play_time":472934,"minecraft:deaths":10,"minecraft:sneak_time":8819,"minecraft:walk_under_water_one_cm":38864,"minecraft:boat_one_cm":62747,"minecraft:jump":6478,"minecraft:walk_on_water_one_cm":68521,"minecraft:enchant_item":5,"minecraft:total_world_time":472934,"minecraft:interact_with_furnace":106,"minecraft:interact_with_stonecutter":1,"minecraft:sleep_in_bed":3,"minecraft:time_since_rest":17912,"minecraft:damage_taken":9544,"minecraft:damage_dealt":20599,"minecraft:swim_one_cm":176886,"minecraft:fly_one_cm":1770174,"minecraft:open_chest":128,"minecraft:crouch_one_cm":20726,"minecraft:fall_one_cm":168969}},"DataVersion":3953}