{"stats":{"minecraft:crafted":{"minecraft:oak_door":3,"minecraft:oak_planks":28,"minecraft:cooked_chicken":7,"minecraft:furnace":2,"minecraft:diamond_helmet":1,"minecraft:bow":1,"minecraft:iron_boots":1,"minecraft:chest":1,"minecraft:golden_boots":1,"minecraft:wheat":63,"minecraft:diamond_sword":2,"minecraft:cooked_porkchop":38,"minecraft:crafting_table":4,"minecraft:iron_helmet":1,"minecraft:iron_sword":1,"minecraft:bread":19,"minecraft:jungle_planks":456,"minecraft:iron_chestplate":1,"minecraft:shield":2,"minecraft:stick":16,"minecraft:iron_ingot":37,"minecraft:wooden_axe":1,"minecraft:gold_ingot":28,"minecraft:iron_leggings":1,"minecraft:acacia_planks":4,"minecraft:torch":16,"minecraft:diamond_chestplate":1},"minecraft:picked_up":{"minecraft:cocoa_beans":39,"minecraft:iron_chestplate":1,"minecraft:crafting_table":8,"minecraft:wheat":6,"minecraft:chicken":11,"minecraft:diamond_sword":3,"minecraft:gilded_blackstone":15,"minecraft:nether_brick":6,"minecraft:shield":2,"minecraft:golden_sword":2,"minecraft:string":29,"minecraft:iron_leggings":1,"minecraft:blackstone":36,"minecraft:gold_nugget":14,"minecraft:cobbled_deepslate":139,"minecraft:beef":4,"minecraft:ender_eye":1,"minecraft:iron_nugget":43,"minecraft:chest":1,"minecraft:furnace":10,"minecraft:iron_boots":1,"minecraft:golden_helmet":1,"minecraft:stick":2,"minecraft:raw_iron":88,"minecraft:end_stone":10,"minecraft:oak_door":6,"minecraft:torch":14,"minecraft:fire_charge":1,"minecraft:porkchop":39,"minecraft:polished_blackstone_bricks":8,"minecraft:golden_axe":1,"minecraft:pointed_dripstone":4,"minecraft:carrot":1,"minecraft:redstone":60,"minecraft:netherite_pickaxe":1,"minecraft:diamond_chestplate":1,"minecraft:stone_sword":1,"minecraft:arrow":36,"minecraft:weeping_vines":4,"minecraft:rotten_flesh":14,"minecraft:tropical_fish":1,"minecraft:nether_bricks":13,"minecraft:hay_block":8,"minecraft:carved_pumpkin":2,"minecraft:gold_ingot":6,"minecraft:blaze_rod":6,"minecraft:obsidian":4,"minecraft:cobblestone":91,"minecraft:cooked_beef":1,"minecraft:feather":11,"minecraft:basalt":4,"minecraft:iron_door":1,"minecraft:leather":13,"minecraft:jungle_wood":118,"minecraft:acacia_wood":1,"minecraft:potato":1,"minecraft:birch_planks":64,"minecraft:crimson_fungus":2,"minecraft:tuff":6,"minecraft:ancient_debris":1,"minecraft:golden_boots":1,"minecraft:dirt":54,"minecraft:lapis_lazuli":12,"minecraft:cooked_mutton":6,"minecraft:bone":15,"minecraft:stone_bricks":1,"minecraft:wheat_seeds":41,"minecraft:deepslate_brick_slab":2,"minecraft:raw_gold":71,"minecraft:iron_ingot":8,"minecraft:mossy_stone_bricks":1,"minecraft:diamond_helmet":1,"minecraft:iron_sword":7,"minecraft:oak_planks":2,"minecraft:soul_sand":36,"minecraft:warped_fungus":2,"minecraft:smooth_basalt":1,"minecraft:birch_boat":1,"minecraft:quartz":10,"minecraft:dripstone_block":6,"minecraft:gravel":1,"minecraft:jungle_planks":3,"minecraft:spectral_arrow":17,"minecraft:oak_wood":9,"minecraft:pumpkin_seeds":3,"minecraft:diamond":19,"minecraft:granite":5,"minecraft:crossbow":1,"minecraft:warped_roots":4,"minecraft:bread":53,"minecraft:rooted_dirt":4,"minecraft:netherrack":108,"minecraft:warped_nylium":3,"minecraft:coal":134,"minecraft:crimson_roots":8,"minecraft:sunflower":1,"minecraft:ender_pearl":11},"minecraft:used":{"minecraft:carved_pumpkin":1,"minecraft:chest":2,"minecraft:shield":72,"minecraft:iron_sword":205,"minecraft:cooked_chicken":7,"minecraft:rotten_flesh":14,"minecraft:netherrack":108,"minecraft:oak_door":5,"minecraft:torch":31,"minecraft:dirt":54,"minecraft:soul_sand":2,"minecraft:jungle_planks":1,"minecraft:nether_bricks":1,"minecraft:diamond_helmet":1,"minecraft:deepslate_brick_slab":2,"minecraft:tuff":2,"minecraft:granite":5,"minecraft:obsidian":1,"minecraft:wooden_axe":4,"minecraft:rooted_dirt":4,"minecraft:stone_bricks":1,"minecraft:smooth_basalt":1,"minecraft:basalt":4,"minecraft:diamond_chestplate":1,"minecraft:bow":5,"minecraft:furnace":10,"minecraft:netherite_pickaxe":620,"minecraft:cooked_beef":1,"minecraft:cobbled_deepslate":92,"minecraft:golden_axe":10,"minecraft:iron_leggings":1,"minecraft:golden_boots":1,"minecraft:mossy_stone_bricks":1,"minecraft:birch_planks":40,"minecraft:oak_planks":3,"minecraft:blackstone":35,"minecraft:ender_pearl":3,"minecraft:polished_blackstone_bricks":6,"minecraft:crafting_table":11,"minecraft:crossbow":23,"minecraft:dripstone_block":3,"minecraft:end_stone":10,"minecraft:bread":42,"minecraft:iron_door":1,"minecraft:diamond_sword":543,"minecraft:cobblestone":66,"minecraft:porkchop":3,"minecraft:cooked_porkchop":36},"minecraft:killed":{"minecraft:spider":7,"minecraft:skeleton":5,"minecraft:chicken":11,"minecraft:silverfish":2,"minecraft:piglin_brute":2,"minecraft:piglin":10,"minecraft:pig":8,"minecraft:hoglin":5,"minecraft:creeper":1,"minecraft:zombie":12,"minecraft:blaze":3,"minecraft:enderman":8,"minecraft:cow":1},"minecraft:mined":{"minecraft:tuff":2,"minecraft:deepslate_diamond_ore":20,"minecraft:oak_door":4,"minecraft:end_stone":10,"minecraft:carved_pumpkin":1,"minecraft:obsidian":3,"minecraft:granite":6,"minecraft:grass_block":34,"minecraft:jungle_planks":1,"minecraft:crimson_roots":6,"minecraft:cracked_polished_blackstone_bricks":1,"minecraft:weeping_vines":1,"minecraft:crimson_fungus":2,"minecraft:spawner":1,"minecraft:large_fern":7,"minecraft:deepslate_brick_slab":1,"minecraft:polished_blackstone_bricks":11,"minecraft:weeping_vines_plant":3,"minecraft:packed_mud":1,"minecraft:furnace":8,"minecraft:fire":1,"minecraft:iron_ore":62,"minecraft:cobbled_deepslate":11,"minecraft:acacia_wood":1,"minecraft:pointed_dripstone":1,"minecraft:deepslate_iron_ore":4,"minecraft:stone":91,"minecraft:deepslate_redstone_ore":13,"minecraft:soul_sand":3,"minecraft:blackstone":12,"minecraft:infested_stone_bricks":1,"minecraft:crimson_nylium":21,"minecraft:basalt":7,"minecraft:crafting_table":7,"minecraft:cornflower":1,"minecraft:torch":5,"minecraft:short_grass":109,"minecraft:oak_wood":7,"minecraft:warped_roots":1,"minecraft:chest":2,"minecraft:tall_grass":2,"minecraft:deepslate_gold_ore":6,"minecraft:oak_planks":3,"minecraft:iron_door":1,"minecraft:wall_torch":6,"minecraft:warped_wart_block":1,"minecraft:warped_nylium":6,"minecraft:nether_wart_block":1,"minecraft:coal_ore":31,"minecraft:sunflower":1,"minecraft:gravel":1,"minecraft:dripstone_block":6,"minecraft:dirt":3,"minecraft:stone_bricks":1,"minecraft:netherrack":46,"minecraft:mossy_stone_bricks":1,"minecraft:gold_ore":11,"minecraft:fern":1,"minecraft:deepslate":117},"minecraft:custom":{"minecraft:interact_with_smithing_table":1,"minecraft:mob_kills":81,"minecraft:interact_with_anvil":8,"minecraft:interact_with_crafting_table":35,"minecraft:leave_game":6,"minecraft:time_since_death":97643,"minecraft:climb_one_cm":1132,"minecraft:sprint_one_cm":768378,"minecraft:walk_one_cm":907505,"minecraft:damage_blocked_by_shield":3064,"minecraft:drop":104,"minecraft:play_time":358806,"minecraft:deaths":8,"minecraft:sneak_time":8798,"minecraft:walk_under_water_one_cm":33833,"minecraft:boat_one_cm":62747,"minecraft:jump":5265,"minecraft:walk_on_water_one_cm":57758,"minecraft:enchant_item":5,"minecraft:total_world_time":358806,"minecraft:interact_with_furnace":70,"minecraft:interact_with_stonecutter":1,"minecraft:sleep_in_bed":1,"minecraft:time_since_rest":7254,"minecraft:damage_taken":7447,"minecraft:damage_dealt":16791,"minecraft:swim_one_cm":162255,"minecraft:fly_one_cm":1510992,"minecraft:open_chest":75,"minecraft:crouch_one_cm":20675,"minecraft:fall_one_cm":140143},"minecraft:dropped":{"minecraft:bread":16,"minecraft:golden_boots":1,"minecraft:iron_sword":3,"minecraft:netherite_pickaxe":1,"minecraft:soul_sand":1,"minecraft:wheat_seeds":19,"minecraft:golden_helmet":1,"minecraft:lapis_lazuli":3,"minecraft:warped_fungus":2,"minecraft:ender_pearl":6,"minecraft:feather":11,"minecraft:weeping_vines":2,"minecraft:cobblestone":1,"minecraft:warped_roots":4,"minecraft:spectral_arrow":2,"minecraft:leather":2,"minecraft:jungle_planks":4,"minecraft:tropical_fish":1,"minecraft:stick":4,"minecraft:crimson_roots":3,"minecraft:gilded_blackstone":15,"minecraft:fire_charge":1,"minecraft:sunflower":1,"minecraft:gold_nugget":24,"minecraft:polished_blackstone_bricks":2,"minecraft:string":26,"minecraft:acacia_planks":1,"minecraft:gold_ingot":17,"minecraft:redstone":60,"minecraft:oak_door":2,"minecraft:gravel":1,"minecraft:crimson_fungus":2,"minecraft:blackstone":1,"minecraft:ancient_debris":1,"minecraft:iron_nugget":52,"minecraft:warped_nylium":3,"minecraft:cobbled_deepslate":28,"minecraft:stone_sword":1,"minecraft:blaze_rod":6,"minecraft:tuff":4,"minecraft:obsidian":3,"minecraft:pointed_dripstone":4,"minecraft:chicken":1,"minecraft:rotten_flesh":7,"minecraft:oak_planks":1,"minecraft:ender_eye":1,"minecraft:nether_bricks":12,"minecraft:pumpkin_seeds":3,"minecraft:carrot":1,"minecraft:diamond_sword":3,"minecraft:potato":1,"minecraft:shield":1,"minecraft:oak_wood":2,"minecraft:iron_chestplate":1,"minecraft:golden_sword":1,"minecraft:carved_pumpkin":1,"minecraft:birch_boat":1,"minecraft:arrow":13},"minecraft:killed_by":{"minecraft:piglin_brute":1,"minecraft:ender_dragon":1,"minecraft:piglin":1,"minecraft:skeleton":2}},"DataVersion":3953}