{"stats":{"minecraft:used":{"minecraft:chest":2,"minecraft:shield":144,"minecraft:iron_sword":335,"minecraft:rotten_flesh":27,"minecraft:iron_chestplate":1,"minecraft:soul_sand":2,"minecraft:jungle_planks":9,"minecraft:nether_bricks":1,"minecraft:deepslate_brick_slab":2,"minecraft:tuff":2,"minecraft:obsidian":1,"minecraft:iron_helmet":1,"minecraft:stone_bricks":1,"minecraft:golden_sword":1,"minecraft:bow":14,"minecraft:furnace":12,"minecraft:egg":1,"minecraft:golden_boots":1,"minecraft:mossy_stone_bricks":1,"minecraft:spruce_door":1,"minecraft:chorus_fruit":12,"minecraft:oak_planks":3,"minecraft:blackstone":35,"minecraft:ender_pearl":7,"minecraft:purpur_pillar":1,"minecraft:crossbow":23,"minecraft:dripstone_block":3,"minecraft:end_stone":26,"minecraft:firework_rocket":1,"minecraft:bread":55,"minecraft:string":1,"minecraft:iron_door":1,"minecraft:deepslate":15,"minecraft:diamond_sword":875,"minecraft:bone_meal":9,"minecraft:carved_pumpkin":1,"minecraft:cooked_chicken":9,"minecraft:netherrack":108,"minecraft:oak_door":5,"minecraft:torch":37,"minecraft:dirt":67,"minecraft:diamond_helmet":1,"minecraft:shulker_box":2,"minecraft:granite":7,"minecraft:wooden_axe":11,"minecraft:rooted_dirt":4,"minecraft:iron_boots":1,"minecraft:smooth_basalt":1,"minecraft:diamond_chestplate":1,"minecraft:basalt":4,"minecraft:netherite_pickaxe":987,"minecraft:cobbled_deepslate":114,"minecraft:cooked_beef":12,"minecraft:acacia_planks":4,"minecraft:golden_axe":10,"minecraft:iron_leggings":2,"minecraft:cooked_mutton":2,"minecraft:iron_ore":1,"minecraft:birch_planks":40,"minecraft:polished_blackstone_bricks":6,"minecraft:crafting_table":13,"minecraft:chicken":1,"minecraft:spruce_sapling":2,"minecraft:cobblestone":93,"minecraft:cooked_porkchop":47,"minecraft:porkchop":3,"minecraft:jungle_door":3},"minecraft:dropped":{"minecraft:iron_sword":3,"minecraft:soul_sand":1,"minecraft:lapis_lazuli":3,"minecraft:warped_fungus":2,"minecraft:glow_ink_sac":2,"minecraft:ender_pearl":6,"minecraft:weeping_vines":2,"minecraft:warped_roots":4,"minecraft:leather":2,"minecraft:jungle_planks":944,"minecraft:elytra":1,"minecraft:crimson_roots":3,"minecraft:gilded_blackstone":15,"minecraft:gold_nugget":24,"minecraft:sunflower":1,"minecraft:phantom_membrane":1,"minecraft:polished_blackstone_bricks":2,"minecraft:white_wool":3,"minecraft:gold_ingot":17,"minecraft:oak_door":2,"minecraft:gravel":1,"minecraft:crimson_fungus":2,"minecraft:purpur_block":1,"minecraft:blackstone":1,"minecraft:ancient_debris":1,"minecraft:iron_nugget":52,"minecraft:cobbled_deepslate":28,"minecraft:obsidian":3,"minecraft:pointed_dripstone":4,"minecraft:rotten_flesh":10,"minecraft:oak_planks":1,"minecraft:carrot":1,"minecraft:oak_wood":2,"minecraft:arrow":13,"minecraft:golden_boots":1,"minecraft:bread":22,"minecraft:netherite_pickaxe":1,"minecraft:wheat_seeds":23,"minecraft:golden_helmet":1,"minecraft:feather":16,"minecraft:cobblestone":75,"minecraft:spectral_arrow":2,"minecraft:tropical_fish":1,"minecraft:stick":4,"minecraft:fire_charge":1,"minecraft:jungle_boat":1,"minecraft:string":28,"minecraft:acacia_planks":1,"minecraft:redstone":60,"minecraft:warped_nylium":3,"minecraft:blaze_rod":6,"minecraft:stone_sword":1,"minecraft:deepslate":12,"minecraft:tuff":4,"minecraft:chicken":1,"minecraft:ender_eye":1,"minecraft:nether_bricks":12,"minecraft:pumpkin_seeds":3,"minecraft:diamond_sword":3,"minecraft:potato":1,"minecraft:shield":1,"minecraft:spruce_planks":1,"minecraft:iron_chestplate":1,"minecraft:carved_pumpkin":1,"minecraft:golden_sword":1,"minecraft:spider_eye":1,"minecraft:birch_boat":1},"minecraft:broken":{"minecraft:golden_sword":1,"minecraft:iron_sword":1,"minecraft:shield":1},"minecraft:killed_by":{"minecraft:piglin_brute":1,"minecraft:creeper":1,"minecraft:piglin":1,"minecraft:zombie":1,"minecraft:enderman":2,"minecraft:ender_dragon":1,"minecraft:skeleton":4},"minecraft:mined":{"minecraft:dragon_wall_head":1,"minecraft:obsidian":3,"minecraft:carved_pumpkin":1,"minecraft:granite":8,"minecraft:grass_block":37,"minecraft:cracked_polished_blackstone_bricks":1,"minecraft:crimson_fungus":2,"minecraft:spawner":1,"minecraft:polished_blackstone_bricks":11,"minecraft:weeping_vines_plant":3,"minecraft:cobbled_deepslate":11,"minecraft:iron_ore":101,"minecraft:fire":1,"minecraft:deepslate_lapis_ore":8,"minecraft:pointed_dripstone":1,"minecraft:deepslate_redstone_ore":13,"minecraft:brown_mushroom":1,"minecraft:jungle_door":1,"minecraft:blackstone":12,"minecraft:crimson_nylium":21,"minecraft:torch":7,"minecraft:chest":2,"minecraft:cobblestone":1,"minecraft:oak_planks":3,"minecraft:iron_door":1,"minecraft:wall_torch":6,"minecraft:warped_nylium":6,"minecraft:nether_wart_block":1,"minecraft:purpur_block":1,"minecraft:dirt":5,"minecraft:netherrack":46,"minecraft:deepslate":151,"minecraft:tuff":2,"minecraft:deepslate_diamond_ore":24,"minecraft:oak_door":4,"minecraft:end_stone":25,"minecraft:shulker_box":2,"minecraft:jungle_planks":1,"minecraft:crimson_roots":6,"minecraft:weeping_vines":1,"minecraft:large_fern":10,"minecraft:deepslate_brick_slab":1,"minecraft:packed_mud":1,"minecraft:furnace":10,"minecraft:acacia_wood":1,"minecraft:deepslate_iron_ore":7,"minecraft:stripped_acacia_log":1,"minecraft:chorus_plant":4,"minecraft:stone":253,"minecraft:soul_sand":3,"minecraft:magenta_stained_glass":2,"minecraft:infested_stone_bricks":1,"minecraft:basalt":7,"minecraft:spruce_door":1,"minecraft:crafting_table":8,"minecraft:cornflower":1,"minecraft:short_grass":134,"minecraft:oak_wood":7,"minecraft:warped_roots":1,"minecraft:tall_grass":2,"minecraft:deepslate_gold_ore":7,"minecraft:warped_wart_block":1,"minecraft:coal_ore":109,"minecraft:end_rod":6,"minecraft:sunflower":1,"minecraft:gravel":4,"minecraft:dripstone_block":6,"minecraft:stone_bricks":1,"minecraft:mossy_stone_bricks":1,"minecraft:gold_ore":13,"minecraft:fern":1},"minecraft:crafted":{"minecraft:oak_planks":28,"minecraft:cooked_chicken":9,"minecraft:stone":8,"minecraft:cooked_mutton":2,"minecraft:diamond_helmet":1,"minecraft:bow":1,"minecraft:iron_boots":1,"minecraft:chest":1,"minecraft:golden_boots":1,"minecraft:cooked_porkchop":47,"minecraft:crafting_table":6,"minecraft:jungle_boat":1,"minecraft:iron_helmet":1,"minecraft:iron_chestplate":1,"minecraft:shield":3,"minecraft:stick":20,"minecraft:iron_ingot":75,"minecraft:gold_ingot":28,"minecraft:oak_door":3,"minecraft:furnace":3,"minecraft:bone_meal":9,"minecraft:wheat":63,"minecraft:cooked_beef":11,"minecraft:diamond_sword":2,"minecraft:iron_sword":1,"minecraft:bread":19,"minecraft:jungle_planks":456,"minecraft:jungle_door":3,"minecraft:wooden_axe":1,"minecraft:iron_leggings":2,"minecraft:acacia_planks":8,"minecraft:torch":32,"minecraft:diamond_chestplate":1},"minecraft:killed":{"minecraft:spider":12,"minecraft:skeleton":28,"minecraft:chicken":16,"minecraft:silverfish":2,"minecraft:piglin_brute":2,"minecraft:piglin":10,"minecraft:pig":11,"minecraft:creeper":2,"minecraft:sheep":3,"minecraft:zombie":21,"minecraft:blaze":3,"minecraft:cow":7,"minecraft:phantom":1,"minecraft:hoglin":5,"minecraft:enderman":15},"minecraft:picked_up":{"minecraft:iron_chestplate":1,"minecraft:wheat":6,"minecraft:diamond_sword":3,"minecraft:gilded_blackstone":15,"minecraft:nether_brick":6,"minecraft:golden_sword":2,"minecraft:string":33,"minecraft:iron_leggings":1,"minecraft:gold_nugget":14,"minecraft:cobbled_deepslate":170,"minecraft:ender_eye":1,"minecraft:iron_boots":2,"minecraft:furnace":12,"minecraft:golden_helmet":1,"minecraft:stick":2,"minecraft:jungle_door":1,"minecraft:torch":16,"minecraft:purpur_pillar":1,"minecraft:porkchop":45,"minecraft:golden_axe":1,"minecraft:pointed_dripstone":4,"minecraft:stone_sword":1,"minecraft:rotten_flesh":30,"minecraft:tropical_fish":1,"minecraft:carved_pumpkin":2,"minecraft:end_rod":4,"minecraft:blaze_rod":6,"minecraft:obsidian":4,"minecraft:cobblestone":253,"minecraft:feather":16,"minecraft:cooked_beef":1,"minecraft:iron_door":1,"minecraft:golden_leggings":1,"minecraft:jungle_wood":118,"minecraft:potato":1,"minecraft:tuff":6,"minecraft:lapis_lazuli":72,"minecraft:dirt":67,"minecraft:bone":39,"minecraft:acacia_planks":3,"minecraft:bow":4,"minecraft:wheat_seeds":45,"minecraft:deepslate_brick_slab":2,"minecraft:raw_gold":74,"minecraft:mossy_stone_bricks":1,"minecraft:diamond_helmet":1,"minecraft:oak_planks":2,"minecraft:cooked_porkchop":2,"minecraft:jungle_planks":542,"minecraft:spectral_arrow":17,"minecraft:shulker_box":4,"minecraft:stripped_acacia_log":1,"minecraft:diamond":25,"minecraft:deepslate":27,"minecraft:crossbow":1,"minecraft:granite":13,"minecraft:bread":63,"minecraft:rooted_dirt":4,"minecraft:netherrack":108,"minecraft:chorus_fruit":25,"minecraft:crimson_roots":8,"minecraft:cocoa_beans":39,"minecraft:crafting_table":10,"minecraft:chicken":18,"minecraft:dragon_head":2,"minecraft:purpur_block":1,"minecraft:shield":2,"minecraft:elytra":2,"minecraft:blackstone":36,"minecraft:beef":20,"minecraft:iron_nugget":43,"minecraft:chest":1,"minecraft:phantom_membrane":1,"minecraft:egg":1,"minecraft:raw_iron":136,"minecraft:end_stone":26,"minecraft:oak_door":6,"minecraft:fire_charge":1,"minecraft:polished_blackstone_bricks":8,"minecraft:carrot":1,"minecraft:redstone":60,"minecraft:netherite_pickaxe":1,"minecraft:arrow":49,"minecraft:weeping_vines":4,"minecraft:diamond_chestplate":1,"minecraft:nether_bricks":13,"minecraft:hay_block":8,"minecraft:gold_ingot":6,"minecraft:mutton":8,"minecraft:white_wool":3,"minecraft:basalt":4,"minecraft:glow_ink_sac":2,"minecraft:leather":22,"minecraft:acacia_wood":1,"minecraft:birch_planks":64,"minecraft:crimson_fungus":2,"minecraft:ancient_debris":1,"minecraft:golden_boots":1,"minecraft:cooked_mutton":6,"minecraft:stone_bricks":1,"minecraft:iron_ingot":8,"minecraft:iron_ore":1,"minecraft:iron_sword":8,"minecraft:soul_sand":36,"minecraft:smooth_basalt":1,"minecraft:warped_fungus":2,"minecraft:birch_boat":1,"minecraft:quartz":10,"minecraft:dripstone_block":6,"minecraft:gravel":1,"minecraft:spruce_sapling":2,"minecraft:spider_eye":2,"minecraft:spruce_door":1,"minecraft:oak_wood":9,"minecraft:firework_rocket":1,"minecraft:pumpkin_seeds":3,"minecraft:warped_roots":4,"minecraft:warped_nylium":3,"minecraft:coal":288,"minecraft:ender_pearl":16,"minecraft:sunflower":1},"minecraft:custom":{"minecraft:interact_with_crafting_table":48,"minecraft:open_barrel":6,"minecraft:open_shulker_box":1,"minecraft:leave_game":9,"minecraft:time_since_death":8012,"minecraft:sprint_one_cm":1377068,"minecraft:damage_blocked_by_shield":6844,"minecraft:drop":141,"minecraft:talked_to_villager":4,"minecraft:play_time":570154,"minecraft:deaths":15,"minecraft:jump":8403,"minecraft:interact_with_brewingstand":2,"minecraft:walk_on_water_one_cm":85098,"minecraft:enchant_item":5,"minecraft:interact_with_furnace":133,"minecraft:sleep_in_bed":5,"minecraft:open_enderchest":1,"minecraft:damage_dealt":26631,"minecraft:crouch_one_cm":20823,"minecraft:interact_with_smithing_table":1,"minecraft:mob_kills":144,"minecraft:interact_with_anvil":9,"minecraft:climb_one_cm":4258,"minecraft:walk_one_cm":1365841,"minecraft:sneak_time":8838,"minecraft:walk_under_water_one_cm":44180,"minecraft:boat_one_cm":62747,"minecraft:total_world_time":570154,"minecraft:interact_with_stonecutter":1,"minecraft:time_since_rest":8073,"minecraft:damage_taken":12159,"minecraft:swim_one_cm":220464,"minecraft:fly_one_cm":2100318,"minecraft:open_chest":169,"minecraft:aviate_one_cm":138069,"minecraft:fall_one_cm":211273}},"DataVersion":3953}