{"stats":{"minecraft:used":{"minecraft:iron_shovel":270,"minecraft:chiseled_deepslate":3,"minecraft:elytra":3,"minecraft:bone_block":3,"minecraft:chest":117,"minecraft:shield":22,"minecraft:stone":3,"minecraft:rotten_flesh":3,"minecraft:soul_sand":19,"minecraft:tuff":10,"minecraft:obsidian":15,"minecraft:lantern":34,"minecraft:packed_mud":11,"minecraft:quartz_block":1,"minecraft:dark_oak_leaves":39,"minecraft:stone_brick_stairs":15,"minecraft:stone_bricks":294,"minecraft:bow":42,"minecraft:hay_block":6,"minecraft:furnace":25,"minecraft:diamond_boots":2,"minecraft:spruce_door":7,"minecraft:oak_planks":441,"minecraft:blackstone":89,"minecraft:ender_pearl":2,"minecraft:diamond_axe":447,"minecraft:jungle_boat":2,"minecraft:golden_apple":1,"minecraft:acacia_leaves":15,"minecraft:crossbow":22,"minecraft:stone_brick_wall":15,"minecraft:dripstone_block":11,"minecraft:shears":96,"minecraft:firework_rocket":1,"minecraft:bread":338,"minecraft:string":1,"minecraft:gravel":21,"minecraft:jungle_sign":1,"minecraft:diamond_sword":1486,"minecraft:fire_charge":2,"minecraft:oak_boat":2,"minecraft:oak_fence":38,"minecraft:stone_sword":123,"minecraft:flint_and_steel":15,"minecraft:tropical_fish":1,"minecraft:spruce_planks":7,"minecraft:cooked_chicken":1,"minecraft:netherrack":281,"minecraft:trial_key":3,"minecraft:torch":43,"minecraft:dirt":537,"minecraft:ancient_debris":1,"minecraft:shulker_box":4,"minecraft:oak_wood":380,"minecraft:golden_chestplate":1,"minecraft:spruce_fence":23,"minecraft:granite":12,"minecraft:oak_fence_gate":9,"minecraft:iron_hoe":42,"minecraft:oak_stairs":120,"minecraft:rooted_dirt":106,"minecraft:iron_boots":1,"minecraft:crimson_planks":40,"minecraft:barrel":27,"minecraft:diamond_chestplate":3,"minecraft:basalt":7,"minecraft:netherite_pickaxe":3159,"minecraft:acacia_wood":1,"minecraft:dead_bubble_coral_block":1,"minecraft:acacia_planks":159,"minecraft:cobbled_deepslate":167,"minecraft:wheat_seeds":102,"minecraft:water_bucket":77,"minecraft:baked_potato":10,"minecraft:spruce_sign":13,"minecraft:polished_blackstone_bricks":23,"minecraft:oak_slab":223,"minecraft:crafting_table":25,"minecraft:white_bed":4,"minecraft:campfire":50,"minecraft:warped_planks":1,"minecraft:spruce_log":4,"minecraft:oak_log":137,"minecraft:diamond_pickaxe":368,"minecraft:cornflower":11,"minecraft:diamond_shovel":789,"minecraft:cracked_polished_blackstone_bricks":9,"minecraft:iron_pickaxe":241,"minecraft:spruce_trapdoor":3,"minecraft:spruce_sapling":13,"minecraft:stone_axe":27,"minecraft:cobblestone":326,"minecraft:white_banner":2,"minecraft:cooked_porkchop":57,"minecraft:bucket":78,"minecraft:glass_pane":39,"minecraft:stripped_oak_log":4,"minecraft:diamond_leggings":1},"minecraft:dropped":{"minecraft:guster_pottery_sherd":3,"minecraft:crimson_stem":2,"minecraft:iron_sword":3,"minecraft:warped_stem":4,"minecraft:acacia_wood":128,"minecraft:birch_planks":1,"minecraft:ominous_bottle":2,"minecraft:lapis_lazuli":2,"minecraft:ender_pearl":2,"minecraft:diamond":25,"minecraft:crossbow":1,"minecraft:weeping_vines":3,"minecraft:rooted_dirt":25,"minecraft:leather":28,"minecraft:jungle_planks":50,"minecraft:packed_mud":9,"minecraft:dirt":260,"minecraft:netherite_scrap":1,"minecraft:cornflower":8,"minecraft:crimson_roots":17,"minecraft:music_disc_precipice":1,"minecraft:chain":16,"minecraft:gilded_blackstone":16,"minecraft:gold_nugget":3,"minecraft:bone_block":15,"minecraft:amethyst_shard":4,"minecraft:bone_meal":3,"minecraft:sunflower":5,"minecraft:iron_pickaxe":3,"minecraft:gold_ingot":26,"minecraft:bone":183,"minecraft:oak_door":2,"minecraft:gravel":3,"minecraft:crimson_fungus":1,"minecraft:stone_axe":1,"minecraft:blackstone":1,"minecraft:ancient_debris":3,"minecraft:golden_chestplate":2,"minecraft:cobbled_deepslate":18,"minecraft:wheat":7,"minecraft:obsidian":9,"minecraft:pointed_dripstone":15,"minecraft:rotten_flesh":104,"minecraft:oak_planks":82,"minecraft:cooked_mutton":12,"minecraft:white_bed":1,"minecraft:dead_fire_coral_block":1,"minecraft:warped_planks":3,"minecraft:waxed_copper_block":1,"minecraft:deepslate_tiles":6,"minecraft:gunpowder":9,"minecraft:azalea_leaves":7,"minecraft:oak_wood":259,"minecraft:charcoal":1,"minecraft:glowstone":6,"minecraft:stone_brick_wall":30,"minecraft:spruce_slab":22,"minecraft:iron_bars":2,"minecraft:arrow":15,"minecraft:warped_wart_block":2,"minecraft:crying_obsidian":5,"minecraft:netherrack":21,"minecraft:crimson_planks":8,"minecraft:dead_tube_coral_block":4,"minecraft:enchanted_book":4,"minecraft:bread":65,"minecraft:iron_ingot":13,"minecraft:water_bucket":1,"minecraft:golden_boots":5,"minecraft:stripped_spruce_log":1,"minecraft:oak_slab":4,"minecraft:netherite_pickaxe":1,"minecraft:wheat_seeds":90,"minecraft:golden_helmet":3,"minecraft:dripstone_block":5,"minecraft:cobblestone":192,"minecraft:iron_helmet":1,"minecraft:waxed_copper_grate":2,"minecraft:spectral_arrow":7,"minecraft:amethyst_block":5,"minecraft:granite":16,"minecraft:music_disc_pigstep":1,"minecraft:dead_horn_coral_block":1,"minecraft:spruce_door":4,"minecraft:stick":66,"minecraft:torch":2,"minecraft:waxed_weathered_copper_bulb":1,"minecraft:nether_wart_block":6,"minecraft:diamond_helmet":1,"minecraft:iron_leggings":3,"minecraft:oak_stairs":177,"minecraft:smooth_stone":24,"minecraft:string":73,"minecraft:tripwire_hook":2,"minecraft:acacia_planks":297,"minecraft:smooth_basalt":1,"minecraft:redstone":4,"minecraft:tuff_bricks":1,"minecraft:flow_pottery_sherd":2,"minecraft:stone_sword":1,"minecraft:tuff":4,"minecraft:chicken":1,"minecraft:iron_boots":1,"minecraft:nether_bricks":2,"minecraft:shears":1,"minecraft:acacia_leaves":1,"minecraft:glass_pane":14,"minecraft:pumpkin_seeds":2,"minecraft:diamond_sword":3,"minecraft:hay_block":8,"minecraft:stone":41,"minecraft:shield":5,"minecraft:diamond_chestplate":1,"minecraft:piglin_banner_pattern":2,"minecraft:spruce_trapdoor":4,"minecraft:spruce_planks":90,"minecraft:iron_chestplate":1,"minecraft:golden_leggings":1,"minecraft:oak_sapling":1,"minecraft:carved_pumpkin":1,"minecraft:stone_bricks":126,"minecraft:spider_eye":9,"minecraft:spruce_log":92,"minecraft:stone_pickaxe":1,"minecraft:bow":1,"minecraft:raw_gold":66,"minecraft:magma_cream":23,"minecraft:calcite":3,"minecraft:waxed_oxidized_copper_grate":2,"minecraft:brick":16},"minecraft:broken":{"minecraft:iron_shovel":1,"minecraft:golden_boots":1,"minecraft:diamond_helmet":1,"minecraft:diamond_boots":1,"minecraft:diamond_pickaxe":1,"minecraft:diamond_leggings":1,"minecraft:leather_boots":1},"minecraft:killed_by":{"minecraft:piglin_brute":2,"minecraft:creeper":1,"minecraft:piglin":2,"minecraft:ender_dragon":2,"minecraft:skeleton":3,"minecraft:phantom":1},"minecraft:mined":{"minecraft:large_amethyst_bud":1,"minecraft:spruce_planks":7,"minecraft:white_bed":4,"minecraft:farmland":18,"minecraft:obsidian":15,"minecraft:carved_pumpkin":1,"minecraft:spruce_trapdoor":1,"minecraft:granite":28,"minecraft:budding_amethyst":1,"minecraft:grass_block":639,"minecraft:stone_brick_wall":1,"minecraft:cracked_polished_blackstone_bricks":9,"minecraft:chiseled_tuff_bricks":1,"minecraft:tube_coral_block":2,"minecraft:crimson_fungus":1,"minecraft:tuff_bricks":5,"minecraft:gilded_blackstone":9,"minecraft:polished_blackstone_bricks":48,"minecraft:weeping_vines_plant":3,"minecraft:magma_block":64,"minecraft:barrel":6,"minecraft:iron_ore":96,"minecraft:cobbled_deepslate":16,"minecraft:fire":15,"minecraft:deepslate_lapis_ore":4,"minecraft:enchanting_table":1,"minecraft:twisting_vines":1,"minecraft:dirt_path":2,"minecraft:oak_stairs":38,"minecraft:iron_bars":2,"minecraft:azalea_leaves":7,"minecraft:white_banner":1,"minecraft:tripwire":4,"minecraft:quartz_block":1,"minecraft:blackstone":69,"minecraft:dead_bubble_coral_block":1,"minecraft:crimson_nylium":65,"minecraft:medium_amethyst_bud":1,"minecraft:amethyst_cluster":1,"minecraft:deepslate_tile_slab":1,"minecraft:torch":19,"minecraft:calcite":3,"minecraft:chest":27,"minecraft:spruce_wall_sign":2,"minecraft:nether_quartz_ore":10,"minecraft:cobblestone":47,"minecraft:oak_planks":70,"minecraft:wall_torch":24,"minecraft:spruce_sign":3,"minecraft:amethyst_block":5,"minecraft:waxed_copper_bulb":1,"minecraft:warped_nylium":11,"minecraft:nether_wart_block":6,"minecraft:wheat":61,"minecraft:waxed_oxidized_cut_copper_stairs":1,"minecraft:waxed_copper_block":2,"minecraft:warped_fungus":1,"minecraft:stone_brick_stairs":1,"minecraft:oak_fence_gate":4,"minecraft:sand":138,"minecraft:dirt":98,"minecraft:crimson_planks":3,"minecraft:smooth_basalt":1,"minecraft:ancient_debris":1,"minecraft:tripwire_hook":2,"minecraft:netherrack":1135,"minecraft:oak_leaves":29,"minecraft:deepslate":251,"minecraft:nether_gold_ore":89,"minecraft:deepslate_tiles":5,"minecraft:tuff":22,"minecraft:dark_oak_leaves":74,"minecraft:deepslate_diamond_ore":59,"minecraft:shulker_box":4,"minecraft:end_stone":2,"minecraft:waxed_oxidized_chiseled_copper":1,"minecraft:nether_bricks":41,"minecraft:spruce_fence":4,"minecraft:jungle_planks":1,"minecraft:crimson_roots":10,"minecraft:spruce_leaves":23,"minecraft:rooted_dirt":91,"minecraft:crimson_stem":12,"minecraft:large_fern":21,"minecraft:hay_block":137,"minecraft:packed_mud":25,"minecraft:waxed_oxidized_cut_copper":1,"minecraft:spruce_sapling":2,"minecraft:furnace":17,"minecraft:waxed_copper_grate":5,"minecraft:nether_sprouts":1,"minecraft:andesite":1,"minecraft:stripped_spruce_log":1,"minecraft:chiseled_deepslate":3,"minecraft:gold_block":1,"minecraft:dead_horn_coral_block":1,"minecraft:potatoes":23,"minecraft:deepslate_iron_ore":306,"minecraft:lantern":4,"minecraft:warped_stem":1,"minecraft:stripped_acacia_log":38,"minecraft:stripped_oak_log":4,"minecraft:waxed_weathered_copper_bulb":1,"minecraft:stone":903,"minecraft:bone_block":1,"minecraft:podzol":13,"minecraft:oak_slab":18,"minecraft:acacia_leaves":25,"minecraft:glass_pane":1,"minecraft:basalt":10,"minecraft:spruce_door":2,"minecraft:jungle_sign":1,"minecraft:oak_fence":2,"minecraft:crafting_table":19,"minecraft:cornflower":11,"minecraft:short_grass":342,"minecraft:oak_wood":16,"minecraft:waxed_copper_door":1,"minecraft:warped_roots":2,"minecraft:tall_grass":25,"minecraft:deepslate_coal_ore":3,"minecraft:deepslate_gold_ore":145,"minecraft:lapis_ore":2,"minecraft:dead_fire_coral_block":1,"minecraft:birch_planks":4,"minecraft:waxed_oxidized_copper_grate":2,"minecraft:coal_ore":148,"minecraft:sunflower":8,"minecraft:gravel":28,"minecraft:dripstone_block":3,"minecraft:cobweb":3,"minecraft:acacia_planks":51,"minecraft:stone_bricks":36,"minecraft:gold_ore":3},"minecraft:crafted":{"minecraft:oak_planks":820,"minecraft:smooth_stone":8,"minecraft:barrel":28,"minecraft:stone":388,"minecraft:diamond_shovel":1,"minecraft:cooked_mutton":10,"minecraft:warped_planks":4,"minecraft:glass":132,"minecraft:diamond_helmet":2,"minecraft:diamond_leggings":1,"minecraft:iron_boots":2,"minecraft:chest":105,"minecraft:stone_bricks":372,"minecraft:oak_fence":36,"minecraft:golden_boots":1,"minecraft:oak_slab":210,"minecraft:emerald":27,"minecraft:cooked_porkchop":60,"minecraft:diamond_axe":1,"minecraft:crafting_table":10,"minecraft:spruce_planks":1472,"minecraft:iron_helmet":2,"minecraft:spruce_door":9,"minecraft:copper_ingot":7,"minecraft:gold_block":7,"minecraft:campfire":50,"minecraft:stone_brick_stairs":16,"minecraft:spruce_trapdoor":4,"minecraft:iron_chestplate":2,"minecraft:charcoal":1,"minecraft:shield":1,"minecraft:stick":1152,"minecraft:iron_ingot":261,"minecraft:iron_pickaxe":1,"minecraft:iron_block":10,"minecraft:stone_sword":1,"minecraft:gold_ingot":208,"minecraft:shears":1,"minecraft:jungle_sign":6,"minecraft:stone_brick_wall":24,"minecraft:golden_chestplate":1,"minecraft:iron_nugget":234,"minecraft:furnace":4,"minecraft:bone_meal":1281,"minecraft:spruce_fence":21,"minecraft:glass_pane":48,"minecraft:flint_and_steel":1,"minecraft:lantern":29,"minecraft:spruce_slab":78,"minecraft:iron_hoe":1,"minecraft:diamond_boots":1,"minecraft:dark_oak_planks":40,"minecraft:wheat":1101,"minecraft:bone_block":141,"minecraft:crimson_planks":48,"minecraft:diamond_sword":1,"minecraft:spruce_sign":3,"minecraft:bucket":1,"minecraft:stone_axe":1,"minecraft:enchanted_book":1,"minecraft:bread":391,"minecraft:air":0,"minecraft:oak_fence_gate":5,"minecraft:golden_apple":1,"minecraft:white_dye":10,"minecraft:oak_stairs":84,"minecraft:iron_shovel":1,"minecraft:iron_leggings":2,"minecraft:white_bed":1,"minecraft:acacia_planks":676,"minecraft:torch":64,"minecraft:diamond_chestplate":1},"minecraft:killed":{"minecraft:cave_spider":7,"minecraft:zombified_piglin":1,"minecraft:spider":15,"minecraft:skeleton":352,"minecraft:chicken":1,"minecraft:piglin_brute":5,"minecraft:tropical_fish":1,"minecraft:piglin":12,"minecraft:zombie_villager":1,"minecraft:iron_golem":1,"minecraft:ender_dragon":1,"minecraft:creeper":6,"minecraft:sheep":3,"minecraft:pillager":3,"minecraft:zombie":116,"minecraft:blaze":7,"minecraft:cow":1,"minecraft:phantom":17,"minecraft:drowned":1,"minecraft:hoglin":26,"minecraft:wither_skeleton":1,"minecraft:enderman":20},"minecraft:picked_up":{"minecraft:chiseled_deepslate":3,"minecraft:wheat":77,"minecraft:diamond_sword":3,"minecraft:oak_stairs":333,"minecraft:potion":2,"minecraft:enchanted_book":5,"minecraft:gilded_blackstone":8,"minecraft:nether_brick":8,"minecraft:stone_brick_stairs":1,"minecraft:crimson_planks":1,"minecraft:amethyst_block":5,"minecraft:dead_tube_coral_block":6,"minecraft:string":60,"minecraft:iron_leggings":1,"minecraft:deepslate_tiles":15,"minecraft:diamond_leggings":3,"minecraft:smooth_stone":40,"minecraft:gold_nugget":327,"minecraft:cobbled_deepslate":301,"minecraft:dark_oak_leaves":62,"minecraft:spruce_planks":149,"minecraft:trial_key":3,"minecraft:calcite":3,"minecraft:azalea_leaves":7,"minecraft:iron_pickaxe":1,"minecraft:furnace":19,"minecraft:tipped_arrow":15,"minecraft:golden_helmet":2,"minecraft:stick":133,"minecraft:oak_fence":2,"minecraft:torch":56,"minecraft:porkchop":58,"minecraft:waxed_weathered_copper_bulb":1,"minecraft:pointed_dripstone":14,"minecraft:waxed_copper_grate":2,"minecraft:golden_chestplate":1,"minecraft:quartz_block":1,"minecraft:rotten_flesh":167,"minecraft:tropical_fish":1,"minecraft:armadillo_scute":2,"minecraft:carved_pumpkin":1,"minecraft:blaze_rod":5,"minecraft:obsidian":19,"minecraft:iron_bars":2,"minecraft:cobblestone":1272,"minecraft:enchanting_table":1,"minecraft:magma_block":30,"minecraft:water_bucket":3,"minecraft:acacia_leaves":41,"minecraft:golden_leggings":1,"minecraft:potato":57,"minecraft:flint":1,"minecraft:tuff":31,"minecraft:lapis_lazuli":50,"minecraft:dirt":823,"minecraft:lantern":5,"minecraft:leather_boots":3,"minecraft:bone":336,"minecraft:acacia_planks":608,"minecraft:bow":14,"minecraft:wheat_seeds":246,"minecraft:raw_gold":193,"minecraft:diamond_helmet":1,"minecraft:oak_planks":154,"minecraft:sand":135,"minecraft:jungle_planks":474,"minecraft:stripped_spruce_log":1,"minecraft:shulker_box":4,"minecraft:spectral_arrow":10,"minecraft:dark_oak_log":10,"minecraft:barrel":6,"minecraft:stripped_acacia_log":38,"minecraft:diamond":62,"minecraft:waxed_oxidized_copper_grate":2,"minecraft:cracked_polished_blackstone_bricks":9,"minecraft:granite":28,"minecraft:bone_meal":9,"minecraft:music_disc_precipice":1,"minecraft:spruce_sign":16,"minecraft:emerald":8,"minecraft:bread":13,"minecraft:rooted_dirt":146,"minecraft:oak_sapling":2,"minecraft:netherrack":427,"minecraft:crimson_roots":11,"minecraft:crafting_table":18,"minecraft:ominous_bottle":5,"minecraft:chicken":1,"minecraft:stone_brick_wall":21,"minecraft:gold_block":1,"minecraft:dead_horn_coral_block":1,"minecraft:brick":16,"minecraft:shield":4,"minecraft:cornflower":27,"minecraft:iron_axe":1,"minecraft:flint_and_steel":3,"minecraft:netherite_scrap":1,"minecraft:blackstone":90,"minecraft:glass_pane":28,"minecraft:beef":2,"minecraft:oak_boat":3,"minecraft:iron_nugget":15,"minecraft:guster_pottery_sherd":3,"minecraft:chest":48,"minecraft:spruce_trapdoor":7,"minecraft:phantom_membrane":5,"minecraft:raw_iron":504,"minecraft:stone":51,"minecraft:spruce_fence":4,"minecraft:fire_charge":2,"minecraft:polished_blackstone_bricks":23,"minecraft:flow_pottery_sherd":2,"minecraft:redstone":4,"minecraft:netherite_pickaxe":1,"minecraft:jungle_sign":1,"minecraft:weeping_vines":1,"minecraft:arrow":169,"minecraft:diamond_chestplate":3,"minecraft:shears":3,"minecraft:diamond_boots":1,"minecraft:hay_block":136,"minecraft:tuff_bricks":1,"minecraft:mutton":6,"minecraft:bone_block":1,"minecraft:white_wool":6,"minecraft:stripped_oak_log":4,"minecraft:jungle_boat":3,"minecraft:basalt":7,"minecraft:golden_carrot":1,"minecraft:tripwire_hook":2,"minecraft:crimson_stem":14,"minecraft:leather":14,"minecraft:acacia_wood":517,"minecraft:birch_planks":1,"minecraft:packed_mud":29,"minecraft:crimson_fungus":1,"minecraft:waxed_copper_block":1,"minecraft:oak_log":297,"minecraft:chainmail_chestplate":1,"minecraft:ancient_debris":3,"minecraft:golden_boots":4,"minecraft:nether_wart_block":6,"minecraft:gunpowder":12,"minecraft:deepslate_tile_slab":1,"minecraft:white_banner":2,"minecraft:cooked_mutton":2,"minecraft:apple":1,"minecraft:stone_bricks":159,"minecraft:warped_stem":1,"minecraft:oak_fence_gate":4,"minecraft:iron_ingot":13,"minecraft:cooked_chicken":1,"minecraft:iron_sword":2,"minecraft:soul_sand":19,"minecraft:oak_slab":22,"minecraft:smooth_basalt":1,"minecraft:quartz":22,"minecraft:dripstone_block":16,"minecraft:gravel":73,"minecraft:dead_fire_coral_block":1,"minecraft:amethyst_shard":6,"minecraft:spruce_sapling":24,"minecraft:white_bed":4,"minecraft:spruce_log":572,"minecraft:crying_obsidian":2,"minecraft:spider_eye":8,"minecraft:spruce_door":10,"minecraft:oak_wood":715,"minecraft:firework_rocket":11,"minecraft:pumpkin_seeds":2,"minecraft:dead_bubble_coral_block":1,"minecraft:chainmail_leggings":1,"minecraft:baked_potato":21,"minecraft:coal":358,"minecraft:ender_pearl":4,"minecraft:sunflower":5},"minecraft:custom":{"minecraft:animals_bred":1,"minecraft:interact_with_crafting_table":191,"minecraft:open_barrel":33,"minecraft:open_shulker_box":6,"minecraft:eat_cake_slice":2,"minecraft:leave_game":6,"minecraft:time_since_death":247621,"minecraft:sprint_one_cm":2694338,"minecraft:damage_blocked_by_shield":1000,"minecraft:drop":549,"minecraft:talked_to_villager":30,"minecraft:play_time":905801,"minecraft:deaths":14,"minecraft:jump":13110,"minecraft:interact_with_brewingstand":1,"minecraft:walk_on_water_one_cm":79361,"minecraft:enchant_item":3,"minecraft:interact_with_furnace":344,"minecraft:traded_with_villager":28,"minecraft:sleep_in_bed":3,"minecraft:open_enderchest":2,"minecraft:damage_dealt":75150,"minecraft:crouch_one_cm":134942,"minecraft:interact_with_smoker":1,"minecraft:inspect_dispenser":6,"minecraft:interact_with_smithing_table":3,"minecraft:mob_kills":646,"minecraft:interact_with_anvil":14,"minecraft:inspect_hopper":4,"minecraft:climb_one_cm":9445,"minecraft:walk_one_cm":1156880,"minecraft:sneak_time":37394,"minecraft:walk_under_water_one_cm":59603,"minecraft:boat_one_cm":62195,"minecraft:total_world_time":905801,"minecraft:interact_with_grindstone":3,"minecraft:interact_with_stonecutter":2,"minecraft:time_since_rest":13259,"minecraft:damage_taken":23437,"minecraft:damage_absorbed":42,"minecraft:swim_one_cm":300299,"minecraft:fly_one_cm":2581882,"minecraft:open_chest":674,"minecraft:aviate_one_cm":5197,"minecraft:fall_one_cm":390289}},"DataVersion":3953}