{"stats":{"minecraft:killed_by":{"minecraft:piglin_brute":2,"minecraft:ender_dragon":2,"minecraft:creeper":1,"minecraft:piglin":2,"minecraft:enderman":2,"minecraft:skeleton":3,"minecraft:phantom":1},"minecraft:killed":{"minecraft:cave_spider":13,"minecraft:shulker":7,"minecraft:skeleton":641,"minecraft:chicken":1,"minecraft:tropical_fish":1,"minecraft:iron_golem":2,"minecraft:ender_dragon":1,"minecraft:pillager":3,"minecraft:zombie":141,"minecraft:cow":1,"minecraft:breeze":4,"minecraft:enderman":33,"minecraft:zombified_piglin":1,"minecraft:spider":18,"minecraft:piglin_brute":5,"minecraft:piglin":12,"minecraft:zombie_villager":1,"minecraft:creeper":8,"minecraft:sheep":3,"minecraft:blaze":7,"minecraft:slime":1,"minecraft:phantom":19,"minecraft:drowned":1,"minecraft:hoglin":27,"minecraft:wither_skeleton":1},"minecraft:broken":{"minecraft:golden_boots":1,"minecraft:diamond_helmet":1,"minecraft:iron_boots":1,"minecraft:diamond_pickaxe":1,"minecraft:diamond_leggings":1,"minecraft:iron_helmet":1,"minecraft:iron_shovel":1,"minecraft:diamond_boots":1,"minecraft:leather_boots":1},"minecraft:used":{"minecraft:tuff_bricks":5,"minecraft:chiseled_deepslate":3,"minecraft:spruce_slab":2,"minecraft:elytra":12,"minecraft:poppy":1,"minecraft:chest":119,"minecraft:stone":3,"minecraft:rotten_flesh":4,"minecraft:soul_sand":19,"minecraft:quartz_block":1,"minecraft:dark_oak_leaves":39,"minecraft:stone_brick_stairs":15,"minecraft:bow":43,"minecraft:furnace":29,"minecraft:dragon_head":1,"minecraft:end_stone_bricks":4,"minecraft:spruce_door":8,"minecraft:chorus_fruit":15,"minecraft:blackstone":89,"minecraft:purpur_pillar":3,"minecraft:jungle_boat":2,"minecraft:golden_apple":2,"minecraft:acacia_leaves":15,"minecraft:fire_charge":2,"minecraft:diamond_sword":2001,"minecraft:oak_boat":2,"minecraft:stone_sword":123,"minecraft:trial_key":10,"minecraft:netherrack":346,"minecraft:torch":50,"minecraft:ancient_debris":1,"minecraft:oak_fence_gate":9,"minecraft:rooted_dirt":122,"minecraft:barrel":27,"minecraft:diamond_chestplate":9,"minecraft:basalt":7,"minecraft:acacia_wood":1,"minecraft:cobbled_deepslate":358,"minecraft:acacia_planks":160,"minecraft:wheat_seeds":481,"minecraft:water_bucket":85,"minecraft:yellow_shulker_box":1,"minecraft:polished_blackstone_bricks":23,"minecraft:oak_slab":224,"minecraft:crafting_table":26,"minecraft:white_bed":4,"minecraft:campfire":50,"minecraft:spruce_log":4,"minecraft:oak_log":137,"minecraft:diamond_pickaxe":450,"minecraft:cornflower":11,"minecraft:diamond_shovel":823,"minecraft:iron_pickaxe":241,"minecraft:purpur_slab":3,"minecraft:spruce_trapdoor":3,"minecraft:spruce_sapling":13,"minecraft:cobblestone":377,"minecraft:potion":4,"minecraft:cooked_porkchop":64,"minecraft:glass_pane":39,"minecraft:stripped_oak_log":4,"minecraft:diamond_leggings":2,"minecraft:iron_shovel":270,"minecraft:bone_block":3,"minecraft:shield":53,"minecraft:waxed_copper_grate":2,"minecraft:tuff":16,"minecraft:obsidian":15,"minecraft:waxed_oxidized_copper_grate":1,"minecraft:lantern":34,"minecraft:packed_mud":27,"minecraft:stone_bricks":294,"minecraft:item_frame":1,"minecraft:hay_block":6,"minecraft:diamond_boots":2,"minecraft:oak_planks":441,"minecraft:ender_pearl":8,"minecraft:diamond_axe":463,"minecraft:white_wool":1,"minecraft:crossbow":22,"minecraft:dripstone_block":11,"minecraft:lingering_potion":2,"minecraft:stone_brick_wall":15,"minecraft:end_stone":100,"minecraft:shears":96,"minecraft:polished_tuff":1,"minecraft:firework_rocket":15,"minecraft:bread":420,"minecraft:string":1,"minecraft:gravel":21,"minecraft:jungle_sign":1,"minecraft:grindstone":4,"minecraft:bone_meal":870,"minecraft:oak_fence":38,"minecraft:purpur_block":3,"minecraft:netherite_sword":3,"minecraft:flint_and_steel":15,"minecraft:tropical_fish":1,"minecraft:spruce_planks":7,"minecraft:cooked_chicken":2,"minecraft:dirt":561,"minecraft:shulker_box":35,"minecraft:oak_wood":380,"minecraft:golden_chestplate":1,"minecraft:spruce_fence":23,"minecraft:granite":12,"minecraft:iron_hoe":140,"minecraft:oak_stairs":120,"minecraft:iron_boots":1,"minecraft:crimson_planks":41,"minecraft:netherite_pickaxe":4630,"minecraft:cooked_beef":2,"minecraft:dead_bubble_coral_block":1,"minecraft:cooked_mutton":6,"minecraft:baked_potato":21,"minecraft:spruce_sign":13,"minecraft:warped_planks":1,"minecraft:cracked_polished_blackstone_bricks":9,"minecraft:stone_axe":27,"minecraft:magenta_banner":3,"minecraft:white_banner":2,"minecraft:bucket":85},"minecraft:picked_up":{"minecraft:lead":1,"minecraft:diamond_sword":4,"minecraft:oak_stairs":333,"minecraft:enchanted_book":9,"minecraft:amethyst_block":5,"minecraft:string":67,"minecraft:diamond_leggings":3,"minecraft:gold_nugget":327,"minecraft:cobbled_deepslate":908,"minecraft:spruce_planks":163,"minecraft:trial_key":6,"minecraft:azalea_leaves":7,"minecraft:golden_helmet":2,"minecraft:purpur_pillar":4,"minecraft:waxed_weathered_copper_bulb":1,"minecraft:waxed_copper_grate":10,"minecraft:golden_chestplate":2,"minecraft:honey_bottle":2,"minecraft:tropical_fish":1,"minecraft:armadillo_scute":2,"minecraft:carved_pumpkin":1,"minecraft:end_rod":6,"minecraft:blaze_rod":5,"minecraft:iron_bars":2,"minecraft:magma_block":30,"minecraft:water_bucket":3,"minecraft:acacia_leaves":41,"minecraft:flint":1,"minecraft:lantern":5,"minecraft:diamond_helmet":1,"minecraft:stripped_spruce_log":1,"minecraft:dark_oak_log":10,"minecraft:barrel":6,"minecraft:stripped_acacia_log":38,"minecraft:deepslate":14,"minecraft:granite":28,"minecraft:bread":13,"minecraft:music_disc_precipice":1,"minecraft:rooted_dirt":162,"minecraft:crimson_roots":11,"minecraft:diamond_pickaxe":4,"minecraft:crafting_table":18,"minecraft:ominous_bottle":7,"minecraft:dragon_head":1,"minecraft:purpur_block":7,"minecraft:dead_horn_coral_block":1,"minecraft:wind_charge":4,"minecraft:cornflower":27,"minecraft:elytra":4,"minecraft:flint_and_steel":3,"minecraft:netherite_scrap":1,"minecraft:glass_pane":28,"minecraft:netherite_sword":1,"minecraft:beef":2,"minecraft:iron_nugget":15,"minecraft:poppy":3,"minecraft:spruce_slab":2,"minecraft:guster_pottery_sherd":3,"minecraft:chest":48,"minecraft:stone":51,"minecraft:spruce_fence":4,"minecraft:fire_charge":2,"minecraft:flow_pottery_sherd":2,"minecraft:redstone":4,"minecraft:netherite_pickaxe":3,"minecraft:jungle_sign":1,"minecraft:diamond_chestplate":3,"minecraft:hay_block":136,"minecraft:shears":3,"minecraft:diamond_boots":1,"minecraft:purpur_slab":6,"minecraft:tuff_bricks":26,"minecraft:mutton":6,"minecraft:bone_block":8,"minecraft:white_wool":9,"minecraft:stripped_oak_log":4,"minecraft:yellow_shulker_box":1,"minecraft:tripwire_hook":2,"minecraft:acacia_wood":517,"minecraft:packed_mud":38,"minecraft:purpur_stairs":1,"minecraft:oak_log":297,"minecraft:ancient_debris":3,"minecraft:golden_boots":4,"minecraft:white_banner":2,"minecraft:apple":1,"minecraft:stone_bricks":159,"minecraft:warped_stem":1,"minecraft:oak_fence_gate":4,"minecraft:glass_bottle":5,"minecraft:iron_sword":2,"minecraft:smooth_basalt":1,"minecraft:gravel":73,"minecraft:dead_fire_coral_block":1,"minecraft:spruce_sapling":24,"minecraft:spruce_log":740,"minecraft:crying_obsidian":2,"minecraft:polished_tuff":2,"minecraft:leather_helmet":1,"minecraft:oak_wood":715,"minecraft:firework_rocket":15,"minecraft:slime_ball":2,"minecraft:diamond_axe":1,"minecraft:baked_potato":21,"minecraft:ender_pearl":13,"minecraft:shulker_shell":4,"minecraft:chiseled_deepslate":3,"minecraft:wheat":435,"minecraft:potion":2,"minecraft:gilded_blackstone":8,"minecraft:nether_brick":8,"minecraft:stone_brick_stairs":1,"minecraft:crimson_planks":1,"minecraft:dead_tube_coral_block":7,"minecraft:raw_copper":33,"minecraft:iron_leggings":1,"minecraft:deepslate_tiles":15,"minecraft:smooth_stone":40,"minecraft:dark_oak_leaves":62,"minecraft:calcite":3,"minecraft:iron_pickaxe":1,"minecraft:furnace":23,"minecraft:tipped_arrow":29,"minecraft:stick":133,"minecraft:oak_fence":2,"minecraft:torch":61,"minecraft:porkchop":58,"minecraft:pointed_dripstone":14,"minecraft:quartz_block":1,"minecraft:rotten_flesh":189,"minecraft:obsidian":27,"minecraft:cobblestone":1553,"minecraft:enchanting_table":1,"minecraft:golden_leggings":1,"minecraft:potato":57,"minecraft:tuff":75,"minecraft:lapis_lazuli":132,"minecraft:dirt":851,"minecraft:leather_boots":4,"minecraft:bone":411,"minecraft:acacia_planks":611,"minecraft:bow":20,"minecraft:wheat_seeds":1266,"minecraft:raw_gold":245,"minecraft:grindstone":4,"minecraft:bolt_armor_trim_smithing_template":1,"minecraft:oak_planks":156,"minecraft:cooked_porkchop":2,"minecraft:sand":135,"minecraft:jungle_planks":474,"minecraft:spectral_arrow":10,"minecraft:shulker_box":35,"minecraft:diamond":85,"minecraft:waxed_oxidized_copper_grate":3,"minecraft:cracked_polished_blackstone_bricks":9,"minecraft:breeze_rod":5,"minecraft:bone_meal":10,"minecraft:spruce_sign":16,"minecraft:emerald":12,"minecraft:oak_sapling":2,"minecraft:chorus_fruit":19,"minecraft:netherrack":429,"minecraft:end_stone_bricks":8,"minecraft:chicken":1,"minecraft:stone_brick_wall":21,"minecraft:gold_block":1,"minecraft:chain":5,"minecraft:shield":4,"minecraft:brick":16,"minecraft:iron_axe":4,"minecraft:item_frame":2,"minecraft:blackstone":90,"minecraft:oak_boat":3,"minecraft:phantom_membrane":5,"minecraft:spruce_trapdoor":7,"minecraft:raw_iron":735,"minecraft:end_stone":103,"minecraft:polished_blackstone_bricks":23,"minecraft:trident":2,"minecraft:weeping_vines":1,"minecraft:arrow":274,"minecraft:jungle_boat":3,"minecraft:magenta_banner":3,"minecraft:basalt":7,"minecraft:crimson_stem":14,"minecraft:golden_carrot":1,"minecraft:leather":14,"minecraft:birch_planks":1,"minecraft:crimson_fungus":1,"minecraft:chainmail_chestplate":1,"minecraft:waxed_copper_block":2,"minecraft:nether_wart_block":6,"minecraft:gunpowder":14,"minecraft:deepslate_tile_slab":1,"minecraft:cooked_mutton":2,"minecraft:iron_ingot":21,"minecraft:cooked_chicken":1,"minecraft:soul_sand":19,"minecraft:oak_slab":23,"minecraft:quartz":22,"minecraft:dripstone_block":16,"minecraft:amethyst_shard":6,"minecraft:white_bed":4,"minecraft:spruce_door":10,"minecraft:spider_eye":11,"minecraft:pumpkin_seeds":2,"minecraft:chainmail_leggings":1,"minecraft:dead_bubble_coral_block":1,"minecraft:chiseled_tuff_bricks":5,"minecraft:coal":695,"minecraft:sunflower":14},"minecraft:custom":{"minecraft:interact_with_crafting_table":207,"minecraft:open_barrel":45,"minecraft:eat_cake_slice":3,"minecraft:leave_game":11,"minecraft:time_since_death":227374,"minecraft:damage_blocked_by_shield":3287,"minecraft:play_time":1161049,"minecraft:deaths":16,"minecraft:jump":16107,"minecraft:enchant_item":3,"minecraft:interact_with_furnace":388,"minecraft:traded_with_villager":80,"minecraft:sleep_in_bed":4,"minecraft:damage_dealt":103612,"minecraft:interact_with_smoker":1,"minecraft:inspect_dispenser":16,"minecraft:interact_with_smithing_table":3,"minecraft:interact_with_anvil":36,"minecraft:inspect_hopper":16,"minecraft:sneak_time":47576,"minecraft:total_world_time":1161049,"minecraft:interact_with_stonecutter":2,"minecraft:time_since_rest":26923,"minecraft:swim_one_cm":355036,"minecraft:fly_one_cm":3182606,"minecraft:open_chest":973,"minecraft:fall_one_cm":459638,"minecraft:animals_bred":1,"minecraft:open_shulker_box":63,"minecraft:sprint_one_cm":3539746,"minecraft:drop":684,"minecraft:talked_to_villager":59,"minecraft:interact_with_brewingstand":4,"minecraft:walk_on_water_one_cm":99183,"minecraft:open_enderchest":6,"minecraft:crouch_one_cm":169368,"minecraft:mob_kills":1004,"minecraft:climb_one_cm":17621,"minecraft:walk_one_cm":1588698,"minecraft:walk_under_water_one_cm":70697,"minecraft:boat_one_cm":62195,"minecraft:interact_with_grindstone":6,"minecraft:damage_taken":30063,"minecraft:damage_absorbed":82,"minecraft:aviate_one_cm":894241},"minecraft:crafted":{"minecraft:smooth_stone":8,"minecraft:diamond_shovel":1,"minecraft:cooked_mutton":10,"minecraft:glass":132,"minecraft:diamond_helmet":2,"minecraft:diamond_leggings":1,"minecraft:emerald":78,"minecraft:cooked_porkchop":62,"minecraft:diamond_axe":1,"minecraft:spruce_door":9,"minecraft:copper_ingot":7,"minecraft:campfire":50,"minecraft:stone_brick_stairs":16,"minecraft:iron_pickaxe":1,"minecraft:iron_block":10,"minecraft:gold_ingot":238,"minecraft:jungle_sign":6,"minecraft:iron_nugget":234,"minecraft:bone_meal":3482,"minecraft:spruce_fence":21,"minecraft:lantern":29,"minecraft:spruce_slab":78,"minecraft:diamond_boots":1,"minecraft:dark_oak_planks":40,"minecraft:wheat":1101,"minecraft:enchanted_book":2,"minecraft:oak_fence_gate":5,"minecraft:golden_apple":1,"minecraft:oak_stairs":84,"minecraft:iron_shovel":1,"minecraft:iron_leggings":2,"minecraft:white_bed":1,"minecraft:oak_planks":820,"minecraft:barrel":28,"minecraft:cooked_chicken":1,"minecraft:stone":388,"minecraft:warped_planks":4,"minecraft:iron_boots":2,"minecraft:chest":106,"minecraft:stone_bricks":372,"minecraft:oak_fence":36,"minecraft:golden_boots":1,"minecraft:oak_slab":210,"minecraft:crafting_table":10,"minecraft:spruce_planks":2144,"minecraft:iron_helmet":2,"minecraft:gold_block":7,"minecraft:spruce_trapdoor":4,"minecraft:iron_chestplate":2,"minecraft:charcoal":1,"minecraft:shield":1,"minecraft:stick":2316,"minecraft:iron_ingot":361,"minecraft:stone_sword":1,"minecraft:shears":1,"minecraft:stone_brick_wall":24,"minecraft:golden_chestplate":1,"minecraft:spruce_button":30,"minecraft:furnace":4,"minecraft:glass_pane":48,"minecraft:flint_and_steel":1,"minecraft:iron_hoe":2,"minecraft:bone_block":282,"minecraft:crimson_planks":52,"minecraft:diamond_sword":1,"minecraft:spruce_sign":3,"minecraft:bucket":1,"minecraft:stone_axe":1,"minecraft:bread":510,"minecraft:air":0,"minecraft:white_dye":63,"minecraft:acacia_planks":676,"minecraft:torch":68,"minecraft:diamond_chestplate":1},"minecraft:dropped":{"minecraft:crimson_stem":2,"minecraft:iron_sword":3,"minecraft:acacia_wood":128,"minecraft:ominous_bottle":2,"minecraft:lapis_lazuli":2,"minecraft:glass_bottle":2,"minecraft:diamond":45,"minecraft:crafting_table":1,"minecraft:crossbow":1,"minecraft:weeping_vines":3,"minecraft:rooted_dirt":25,"minecraft:purpur_stairs":1,"minecraft:elytra":4,"minecraft:item_frame":1,"minecraft:dirt":268,"minecraft:packed_mud":10,"minecraft:chain":16,"minecraft:gold_nugget":3,"minecraft:bone_meal":3,"minecraft:bone_block":15,"minecraft:sunflower":5,"minecraft:iron_pickaxe":3,"minecraft:white_wool":2,"minecraft:bone":199,"minecraft:oak_door":2,"minecraft:stone_axe":1,"minecraft:ancient_debris":3,"minecraft:golden_chestplate":2,"minecraft:cobbled_deepslate":18,"minecraft:netherite_sword":1,"minecraft:wheat":7,"minecraft:obsidian":9,"minecraft:rotten_flesh":126,"minecraft:oak_planks":82,"minecraft:white_bed":1,"minecraft:waxed_copper_block":2,"minecraft:warped_planks":3,"minecraft:dead_fire_coral_block":1,"minecraft:deepslate_tiles":6,"minecraft:azalea_leaves":7,"minecraft:charcoal":1,"minecraft:spruce_slab":22,"minecraft:end_stone_bricks":1,"minecraft:beef":4,"minecraft:warped_wart_block":2,"minecraft:crying_obsidian":5,"minecraft:dead_tube_coral_block":5,"minecraft:crimson_planks":8,"minecraft:enchanted_book":5,"minecraft:golden_boots":5,"minecraft:iron_ingot":13,"minecraft:netherite_pickaxe":3,"minecraft:wheat_seeds":436,"minecraft:dripstone_block":5,"minecraft:purpur_slab":3,"minecraft:iron_helmet":1,"minecraft:cobblestone":363,"minecraft:waxed_copper_grate":7,"minecraft:granite":16,"minecraft:music_disc_pigstep":1,"minecraft:spruce_door":4,"minecraft:coal":37,"minecraft:end_rod":1,"minecraft:waxed_weathered_copper_bulb":1,"minecraft:diamond_helmet":1,"minecraft:oak_stairs":177,"minecraft:smooth_stone":24,"minecraft:string":76,"minecraft:acacia_planks":300,"minecraft:stone_sword":1,"minecraft:chicken":3,"minecraft:iron_boots":2,"minecraft:nether_bricks":2,"minecraft:shears":1,"minecraft:pumpkin_seeds":2,"minecraft:diamond_sword":4,"minecraft:hay_block":8,"minecraft:stone":41,"minecraft:piglin_banner_pattern":2,"minecraft:spruce_trapdoor":4,"minecraft:spruce_planks":90,"minecraft:diamond_pickaxe":3,"minecraft:carved_pumpkin":1,"minecraft:spider_eye":12,"minecraft:stone_bricks":126,"minecraft:bow":4,"minecraft:guster_pottery_sherd":3,"minecraft:warped_stem":4,"minecraft:birch_planks":1,"minecraft:ender_pearl":5,"minecraft:leather":28,"minecraft:jungle_planks":73,"minecraft:netherite_scrap":1,"minecraft:cornflower":8,"minecraft:mutton":3,"minecraft:crimson_roots":17,"minecraft:music_disc_precipice":1,"minecraft:gilded_blackstone":16,"minecraft:amethyst_shard":4,"minecraft:gold_ingot":26,"minecraft:gravel":3,"minecraft:crimson_fungus":1,"minecraft:purpur_block":3,"minecraft:blackstone":1,"minecraft:pointed_dripstone":15,"minecraft:cooked_mutton":12,"minecraft:honey_bottle":2,"minecraft:poppy":2,"minecraft:gunpowder":9,"minecraft:oak_wood":259,"minecraft:glowstone":6,"minecraft:stone_brick_wall":30,"minecraft:iron_bars":2,"minecraft:arrow":15,"minecraft:netherrack":85,"minecraft:water_bucket":1,"minecraft:bread":75,"minecraft:stripped_spruce_log":1,"minecraft:oak_slab":4,"minecraft:golden_helmet":3,"minecraft:lead":1,"minecraft:spectral_arrow":7,"minecraft:amethyst_block":5,"minecraft:dead_horn_coral_block":1,"minecraft:stick":66,"minecraft:torch":2,"minecraft:nether_wart_block":6,"minecraft:iron_leggings":3,"minecraft:tripwire_hook":2,"minecraft:smooth_basalt":1,"minecraft:redstone":4,"minecraft:tuff_bricks":1,"minecraft:flow_pottery_sherd":2,"minecraft:dragon_head":1,"minecraft:tuff":20,"minecraft:raw_iron":6,"minecraft:glass_pane":14,"minecraft:shulker_box":1,"minecraft:acacia_leaves":8,"minecraft:shield":5,"minecraft:diamond_chestplate":1,"minecraft:iron_chestplate":1,"minecraft:golden_leggings":1,"minecraft:oak_sapling":1,"minecraft:spruce_log":92,"minecraft:stone_pickaxe":1,"minecraft:raw_gold":66,"minecraft:magma_cream":23,"minecraft:calcite":3,"minecraft:waxed_oxidized_copper_grate":2,"minecraft:brick":16},"minecraft:mined":{"minecraft:dragon_wall_head":1,"minecraft:white_bed":4,"minecraft:obsidian":15,"minecraft:carved_pumpkin":1,"minecraft:granite":28,"minecraft:stone_brick_wall":1,"minecraft:purpur_slab":5,"minecraft:chiseled_tuff_bricks":4,"minecraft:tube_coral_block":2,"minecraft:crimson_fungus":1,"minecraft:weeping_vines_plant":3,"minecraft:polished_blackstone_bricks":48,"minecraft:magma_block":64,"minecraft:fire":16,"minecraft:barrel":6,"minecraft:cobbled_deepslate":43,"minecraft:deepslate_lapis_ore":6,"minecraft:enchanting_table":1,"minecraft:twisting_vines":1,"minecraft:dirt_path":3,"minecraft:oak_stairs":38,"minecraft:white_banner":1,"minecraft:tripwire":4,"minecraft:crimson_nylium":65,"minecraft:amethyst_cluster":1,"minecraft:deepslate_tile_slab":1,"minecraft:torch":21,"minecraft:spruce_wall_sign":2,"minecraft:spruce_sign":3,"minecraft:amethyst_block":5,"minecraft:chain":5,"minecraft:waxed_copper_bulb":1,"minecraft:wheat":419,"minecraft:waxed_copper_block":2,"minecraft:warped_fungus":1,"minecraft:stone_brick_stairs":1,"minecraft:oak_fence_gate":4,"minecraft:smooth_basalt":1,"minecraft:deepslate":928,"minecraft:deepslate_tiles":5,"minecraft:shulker_box":35,"minecraft:end_stone":109,"minecraft:waxed_oxidized_chiseled_copper":1,"minecraft:nether_bricks":41,"minecraft:spruce_fence":4,"minecraft:jungle_planks":1,"minecraft:crimson_roots":10,"minecraft:redstone_ore":1,"minecraft:waxed_oxidized_cut_copper":1,"minecraft:packed_mud":34,"minecraft:waxed_copper_grate":10,"minecraft:andesite":1,"minecraft:potatoes":23,"minecraft:warped_stem":1,"minecraft:waxed_weathered_copper_bulb":1,"minecraft:bone_block":1,"minecraft:white_wool":1,"minecraft:ender_chest":1,"minecraft:oak_slab":19,"minecraft:glass_pane":1,"minecraft:jungle_sign":1,"minecraft:cornflower":11,"minecraft:short_grass":425,"minecraft:waxed_copper_door":1,"minecraft:warped_roots":2,"minecraft:copper_ore":5,"minecraft:purpur_pillar":5,"minecraft:tall_grass":27,"minecraft:deepslate_gold_ore":159,"minecraft:sunflower":21,"minecraft:gravel":28,"minecraft:dripstone_block":3,"minecraft:cobweb":3,"minecraft:acacia_planks":54,"minecraft:stone_bricks":36,"minecraft:gold_ore":12,"minecraft:large_amethyst_bud":1,"minecraft:spruce_planks":7,"minecraft:farmland":18,"minecraft:spruce_trapdoor":1,"minecraft:budding_amethyst":1,"minecraft:grass_block":649,"minecraft:dead_tube_coral_block":1,"minecraft:cracked_polished_blackstone_bricks":9,"minecraft:tuff_bricks":30,"minecraft:gilded_blackstone":9,"minecraft:iron_ore":153,"minecraft:polished_tuff":2,"minecraft:iron_bars":2,"minecraft:azalea_leaves":7,"minecraft:end_stone_bricks":8,"minecraft:spruce_slab":3,"minecraft:quartz_block":1,"minecraft:dead_bubble_coral_block":1,"minecraft:blackstone":69,"minecraft:magenta_wall_banner":3,"minecraft:medium_amethyst_bud":1,"minecraft:purpur_stairs":1,"minecraft:calcite":3,"minecraft:chest":27,"minecraft:nether_quartz_ore":10,"minecraft:cobblestone":63,"minecraft:grindstone":4,"minecraft:oak_planks":76,"minecraft:wall_torch":26,"minecraft:deepslate_copper_ore":3,"minecraft:warped_nylium":11,"minecraft:nether_wart_block":6,"minecraft:waxed_oxidized_cut_copper_stairs":1,"minecraft:purpur_block":6,"minecraft:sand":138,"minecraft:dirt":104,"minecraft:crimson_planks":3,"minecraft:tripwire_hook":2,"minecraft:ancient_debris":1,"minecraft:netherrack":1137,"minecraft:oak_leaves":29,"minecraft:nether_gold_ore":89,"minecraft:diamond_ore":1,"minecraft:tuff":66,"minecraft:dark_oak_leaves":74,"minecraft:deepslate_diamond_ore":66,"minecraft:glow_lichen":1,"minecraft:spruce_leaves":23,"minecraft:rooted_dirt":104,"minecraft:crimson_stem":12,"minecraft:large_fern":21,"minecraft:hay_block":137,"minecraft:spruce_sapling":2,"minecraft:furnace":21,"minecraft:nether_sprouts":1,"minecraft:stripped_spruce_log":1,"minecraft:chiseled_deepslate":3,"minecraft:gold_block":1,"minecraft:dead_horn_coral_block":1,"minecraft:deepslate_iron_ore":361,"minecraft:lantern":4,"minecraft:stripped_acacia_log":38,"minecraft:stripped_oak_log":4,"minecraft:stone":1133,"minecraft:podzol":18,"minecraft:acacia_leaves":25,"minecraft:magenta_stained_glass":1,"minecraft:basalt":10,"minecraft:spruce_door":2,"minecraft:oak_fence":2,"minecraft:crafting_table":19,"minecraft:oak_wood":16,"minecraft:deepslate_coal_ore":3,"minecraft:lapis_ore":4,"minecraft:dead_fire_coral_block":1,"minecraft:birch_planks":4,"minecraft:waxed_oxidized_copper_grate":3,"minecraft:coal_ore":314,"minecraft:end_rod":4}},"DataVersion":3953}