{"stats":{"minecraft:crafted":{"minecraft:smooth_stone":8,"minecraft:oak_planks":820,"minecraft:barrel":25,"minecraft:stone":388,"minecraft:diamond_shovel":1,"minecraft:cooked_mutton":10,"minecraft:warped_planks":4,"minecraft:glass":132,"minecraft:diamond_helmet":2,"minecraft:diamond_leggings":1,"minecraft:iron_boots":2,"minecraft:chest":105,"minecraft:stone_bricks":372,"minecraft:oak_fence":36,"minecraft:oak_slab":210,"minecraft:cooked_porkchop":57,"minecraft:diamond_axe":1,"minecraft:crafting_table":9,"minecraft:spruce_planks":1248,"minecraft:iron_helmet":2,"minecraft:spruce_door":9,"minecraft:gold_block":7,"minecraft:campfire":50,"minecraft:stone_brick_stairs":16,"minecraft:spruce_trapdoor":4,"minecraft:iron_chestplate":2,"minecraft:charcoal":1,"minecraft:stick":724,"minecraft:iron_ingot":176,"minecraft:iron_pickaxe":1,"minecraft:iron_block":10,"minecraft:stone_sword":1,"minecraft:gold_ingot":102,"minecraft:shears":1,"minecraft:stone_brick_wall":24,"minecraft:golden_chestplate":1,"minecraft:iron_nugget":234,"minecraft:furnace":4,"minecraft:spruce_fence":21,"minecraft:glass_pane":48,"minecraft:flint_and_steel":1,"minecraft:lantern":29,"minecraft:iron_hoe":1,"minecraft:spruce_slab":72,"minecraft:diamond_boots":1,"minecraft:dark_oak_planks":40,"minecraft:wheat":1101,"minecraft:crimson_planks":48,"minecraft:diamond_sword":1,"minecraft:bucket":1,"minecraft:stone_axe":1,"minecraft:bread":388,"minecraft:air":0,"minecraft:oak_fence_gate":5,"minecraft:oak_stairs":84,"minecraft:iron_shovel":1,"minecraft:iron_leggings":2,"minecraft:acacia_planks":676,"minecraft:torch":64,"minecraft:diamond_chestplate":1},"minecraft:picked_up":{"minecraft:chiseled_deepslate":3,"minecraft:wheat":68,"minecraft:diamond_sword":1,"minecraft:oak_stairs":333,"minecraft:enchanted_book":4,"minecraft:potion":2,"minecraft:gilded_blackstone":8,"minecraft:nether_brick":8,"minecraft:stone_brick_stairs":1,"minecraft:amethyst_block":5,"minecraft:dead_tube_coral_block":6,"minecraft:string":55,"minecraft:iron_leggings":1,"minecraft:diamond_leggings":2,"minecraft:deepslate_tiles":15,"minecraft:cobbled_deepslate":182,"minecraft:gold_nugget":284,"minecraft:smooth_stone":40,"minecraft:dark_oak_leaves":62,"minecraft:spruce_planks":144,"minecraft:trial_key":3,"minecraft:calcite":3,"minecraft:iron_pickaxe":1,"minecraft:azalea_leaves":7,"minecraft:furnace":19,"minecraft:golden_helmet":2,"minecraft:tipped_arrow":15,"minecraft:stick":130,"minecraft:oak_fence":2,"minecraft:torch":52,"minecraft:porkchop":56,"minecraft:waxed_copper_grate":2,"minecraft:waxed_weathered_copper_bulb":1,"minecraft:pointed_dripstone":14,"minecraft:golden_chestplate":1,"minecraft:quartz_block":1,"minecraft:rotten_flesh":142,"minecraft:tropical_fish":1,"minecraft:armadillo_scute":2,"minecraft:carved_pumpkin":1,"minecraft:blaze_rod":5,"minecraft:obsidian":4,"minecraft:iron_bars":2,"minecraft:cobblestone":1128,"minecraft:enchanting_table":1,"minecraft:water_bucket":3,"minecraft:acacia_leaves":41,"minecraft:golden_leggings":1,"minecraft:flint":1,"minecraft:tuff":15,"minecraft:lapis_lazuli":50,"minecraft:dirt":725,"minecraft:lantern":5,"minecraft:leather_boots":2,"minecraft:bone":123,"minecraft:acacia_planks":608,"minecraft:bow":6,"minecraft:wheat_seeds":220,"minecraft:raw_gold":172,"minecraft:oak_planks":154,"minecraft:jungle_planks":474,"minecraft:sand":135,"minecraft:stripped_spruce_log":1,"minecraft:barrel":6,"minecraft:spectral_arrow":10,"minecraft:dark_oak_log":10,"minecraft:stripped_acacia_log":38,"minecraft:diamond":61,"minecraft:waxed_oxidized_copper_grate":2,"minecraft:cracked_polished_blackstone_bricks":9,"minecraft:granite":28,"minecraft:music_disc_precipice":1,"minecraft:bread":8,"minecraft:emerald":8,"minecraft:rooted_dirt":87,"minecraft:oak_sapling":2,"minecraft:netherrack":293,"minecraft:crimson_roots":11,"minecraft:crafting_table":14,"minecraft:ominous_bottle":5,"minecraft:chicken":1,"minecraft:stone_brick_wall":21,"minecraft:gold_block":1,"minecraft:dead_horn_coral_block":1,"minecraft:brick":16,"minecraft:shield":4,"minecraft:cornflower":8,"minecraft:iron_axe":1,"minecraft:flint_and_steel":2,"minecraft:blackstone":90,"minecraft:glass_pane":28,"minecraft:beef":2,"minecraft:oak_boat":2,"minecraft:iron_nugget":15,"minecraft:guster_pottery_sherd":3,"minecraft:chest":24,"minecraft:phantom_membrane":2,"minecraft:spruce_trapdoor":7,"minecraft:raw_iron":294,"minecraft:stone":51,"minecraft:spruce_fence":4,"minecraft:fire_charge":2,"minecraft:polished_blackstone_bricks":23,"minecraft:flow_pottery_sherd":2,"minecraft:redstone":4,"minecraft:netherite_pickaxe":1,"minecraft:weeping_vines":1,"minecraft:arrow":95,"minecraft:diamond_chestplate":2,"minecraft:shears":3,"minecraft:hay_block":136,"minecraft:tuff_bricks":1,"minecraft:mutton":6,"minecraft:white_wool":3,"minecraft:bone_block":1,"minecraft:stripped_oak_log":4,"minecraft:basalt":7,"minecraft:golden_carrot":1,"minecraft:crimson_stem":14,"minecraft:tripwire_hook":2,"minecraft:leather":12,"minecraft:acacia_wood":517,"minecraft:birch_planks":1,"minecraft:packed_mud":16,"minecraft:crimson_fungus":1,"minecraft:oak_log":297,"minecraft:waxed_copper_block":1,"minecraft:ancient_debris":3,"minecraft:golden_boots":4,"minecraft:nether_wart_block":6,"minecraft:gunpowder":12,"minecraft:deepslate_tile_slab":1,"minecraft:white_banner":2,"minecraft:cooked_mutton":2,"minecraft:apple":1,"minecraft:stone_bricks":159,"minecraft:warped_stem":1,"minecraft:oak_fence_gate":4,"minecraft:iron_ingot":13,"minecraft:cooked_chicken":1,"minecraft:soul_sand":19,"minecraft:iron_sword":2,"minecraft:oak_slab":21,"minecraft:smooth_basalt":1,"minecraft:quartz":22,"minecraft:dripstone_block":16,"minecraft:gravel":49,"minecraft:dead_fire_coral_block":1,"minecraft:amethyst_shard":6,"minecraft:spruce_sapling":23,"minecraft:white_bed":1,"minecraft:spruce_log":516,"minecraft:crying_obsidian":2,"minecraft:spider_eye":6,"minecraft:spruce_door":10,"minecraft:oak_wood":715,"minecraft:pumpkin_seeds":2,"minecraft:dead_bubble_coral_block":1,"minecraft:baked_potato":21,"minecraft:coal":313,"minecraft:ender_pearl":4,"minecraft:sunflower":5},"minecraft:used":{"minecraft:iron_shovel":270,"minecraft:chiseled_deepslate":3,"minecraft:bone_block":3,"minecraft:chest":114,"minecraft:shield":19,"minecraft:stone":3,"minecraft:rotten_flesh":3,"minecraft:soul_sand":19,"minecraft:tuff":10,"minecraft:lantern":34,"minecraft:packed_mud":7,"minecraft:quartz_block":1,"minecraft:dark_oak_leaves":39,"minecraft:stone_brick_stairs":15,"minecraft:stone_bricks":294,"minecraft:bow":16,"minecraft:hay_block":6,"minecraft:furnace":25,"minecraft:diamond_boots":2,"minecraft:spruce_door":7,"minecraft:oak_planks":441,"minecraft:blackstone":89,"minecraft:ender_pearl":2,"minecraft:diamond_axe":427,"minecraft:golden_apple":1,"minecraft:acacia_leaves":15,"minecraft:crossbow":22,"minecraft:dripstone_block":11,"minecraft:stone_brick_wall":15,"minecraft:shears":96,"minecraft:bread":303,"minecraft:string":1,"minecraft:gravel":3,"minecraft:diamond_sword":1307,"minecraft:fire_charge":2,"minecraft:oak_boat":2,"minecraft:oak_fence":38,"minecraft:stone_sword":123,"minecraft:flint_and_steel":14,"minecraft:tropical_fish":1,"minecraft:spruce_planks":2,"minecraft:cooked_chicken":1,"minecraft:netherrack":272,"minecraft:trial_key":3,"minecraft:torch":41,"minecraft:dirt":451,"minecraft:ancient_debris":1,"minecraft:oak_wood":380,"minecraft:golden_chestplate":1,"minecraft:spruce_fence":23,"minecraft:granite":12,"minecraft:oak_fence_gate":9,"minecraft:iron_hoe":42,"minecraft:oak_stairs":120,"minecraft:rooted_dirt":50,"minecraft:iron_boots":1,"minecraft:crimson_planks":40,"minecraft:barrel":24,"minecraft:basalt":7,"minecraft:netherite_pickaxe":1925,"minecraft:acacia_wood":1,"minecraft:dead_bubble_coral_block":1,"minecraft:acacia_planks":159,"minecraft:cobbled_deepslate":164,"minecraft:wheat_seeds":102,"minecraft:water_bucket":72,"minecraft:polished_blackstone_bricks":23,"minecraft:oak_slab":223,"minecraft:crafting_table":22,"minecraft:campfire":50,"minecraft:spruce_log":4,"minecraft:warped_planks":1,"minecraft:oak_log":137,"minecraft:diamond_pickaxe":368,"minecraft:diamond_shovel":621,"minecraft:cracked_polished_blackstone_bricks":9,"minecraft:iron_pickaxe":241,"minecraft:spruce_trapdoor":3,"minecraft:spruce_sapling":13,"minecraft:stone_axe":27,"minecraft:cobblestone":258,"minecraft:white_banner":2,"minecraft:cooked_porkchop":57,"minecraft:bucket":73,"minecraft:glass_pane":39,"minecraft:stripped_oak_log":4,"minecraft:diamond_leggings":1},"minecraft:killed":{"minecraft:cave_spider":7,"minecraft:zombified_piglin":1,"minecraft:spider":9,"minecraft:skeleton":98,"minecraft:chicken":1,"minecraft:piglin_brute":5,"minecraft:tropical_fish":1,"minecraft:piglin":12,"minecraft:zombie_villager":1,"minecraft:ender_dragon":1,"minecraft:creeper":6,"minecraft:sheep":3,"minecraft:pillager":3,"minecraft:zombie":93,"minecraft:cow":1,"minecraft:blaze":7,"minecraft:phantom":7,"minecraft:drowned":1,"minecraft:hoglin":25,"minecraft:wither_skeleton":1,"minecraft:enderman":20},"minecraft:custom":{"minecraft:animals_bred":1,"minecraft:interact_with_crafting_table":169,"minecraft:open_barrel":12,"minecraft:eat_cake_slice":2,"minecraft:leave_game":4,"minecraft:time_since_death":97357,"minecraft:sprint_one_cm":2271939,"minecraft:damage_blocked_by_shield":805,"minecraft:drop":490,"minecraft:play_time":755537,"minecraft:deaths":14,"minecraft:jump":11731,"minecraft:walk_on_water_one_cm":77618,"minecraft:enchant_item":1,"minecraft:interact_with_furnace":295,"minecraft:damage_dealt":62926,"minecraft:crouch_one_cm":128782,"minecraft:inspect_dispenser":6,"minecraft:interact_with_smithing_table":3,"minecraft:mob_kills":350,"minecraft:interact_with_anvil":11,"minecraft:inspect_hopper":1,"minecraft:climb_one_cm":9340,"minecraft:walk_one_cm":976000,"minecraft:sneak_time":35041,"minecraft:walk_under_water_one_cm":58503,"minecraft:boat_one_cm":40737,"minecraft:total_world_time":755537,"minecraft:interact_with_grindstone":2,"minecraft:time_since_rest":97384,"minecraft:damage_taken":21876,"minecraft:damage_absorbed":42,"minecraft:swim_one_cm":300000,"minecraft:fly_one_cm":2322424,"minecraft:open_chest":339,"minecraft:fall_one_cm":352840},"minecraft:mined":{"minecraft:large_amethyst_bud":1,"minecraft:spruce_planks":2,"minecraft:white_bed":1,"minecraft:farmland":1,"minecraft:carved_pumpkin":1,"minecraft:spruce_trapdoor":1,"minecraft:granite":28,"minecraft:budding_amethyst":1,"minecraft:grass_block":619,"minecraft:stone_brick_wall":1,"minecraft:cracked_polished_blackstone_bricks":9,"minecraft:chiseled_tuff_bricks":1,"minecraft:tube_coral_block":2,"minecraft:crimson_fungus":1,"minecraft:tuff_bricks":5,"minecraft:gilded_blackstone":9,"minecraft:polished_blackstone_bricks":48,"minecraft:weeping_vines_plant":2,"minecraft:cobbled_deepslate":13,"minecraft:barrel":6,"minecraft:iron_ore":88,"minecraft:fire":15,"minecraft:deepslate_lapis_ore":4,"minecraft:enchanting_table":1,"minecraft:twisting_vines":1,"minecraft:dirt_path":1,"minecraft:oak_stairs":38,"minecraft:iron_bars":2,"minecraft:azalea_leaves":7,"minecraft:white_banner":1,"minecraft:tripwire":4,"minecraft:quartz_block":1,"minecraft:blackstone":69,"minecraft:dead_bubble_coral_block":1,"minecraft:medium_amethyst_bud":1,"minecraft:crimson_nylium":14,"minecraft:deepslate_tile_slab":1,"minecraft:amethyst_cluster":1,"minecraft:torch":18,"minecraft:calcite":3,"minecraft:chest":22,"minecraft:cobblestone":33,"minecraft:oak_planks":70,"minecraft:wall_torch":22,"minecraft:amethyst_block":5,"minecraft:waxed_copper_bulb":1,"minecraft:warped_nylium":10,"minecraft:nether_wart_block":6,"minecraft:waxed_oxidized_cut_copper_stairs":1,"minecraft:wheat":61,"minecraft:waxed_copper_block":2,"minecraft:warped_fungus":1,"minecraft:stone_brick_stairs":1,"minecraft:oak_fence_gate":4,"minecraft:sand":138,"minecraft:dirt":66,"minecraft:crimson_planks":2,"minecraft:smooth_basalt":1,"minecraft:tripwire_hook":2,"minecraft:netherrack":521,"minecraft:ancient_debris":1,"minecraft:oak_leaves":29,"minecraft:deepslate":135,"minecraft:nether_gold_ore":79,"minecraft:deepslate_tiles":5,"minecraft:tuff":8,"minecraft:dark_oak_leaves":74,"minecraft:deepslate_diamond_ore":58,"minecraft:end_stone":2,"minecraft:waxed_oxidized_chiseled_copper":1,"minecraft:nether_bricks":41,"minecraft:spruce_fence":4,"minecraft:jungle_planks":1,"minecraft:crimson_roots":8,"minecraft:spruce_leaves":23,"minecraft:rooted_dirt":47,"minecraft:crimson_stem":12,"minecraft:large_fern":21,"minecraft:hay_block":137,"minecraft:packed_mud":16,"minecraft:waxed_oxidized_cut_copper":1,"minecraft:spruce_sapling":2,"minecraft:furnace":17,"minecraft:nether_sprouts":1,"minecraft:waxed_copper_grate":5,"minecraft:andesite":1,"minecraft:stripped_spruce_log":1,"minecraft:chiseled_deepslate":3,"minecraft:gold_block":1,"minecraft:dead_horn_coral_block":1,"minecraft:deepslate_iron_ore":209,"minecraft:lantern":4,"minecraft:warped_stem":1,"minecraft:stripped_acacia_log":38,"minecraft:stripped_oak_log":4,"minecraft:waxed_weathered_copper_bulb":1,"minecraft:stone":771,"minecraft:bone_block":1,"minecraft:oak_slab":17,"minecraft:acacia_leaves":25,"minecraft:glass_pane":1,"minecraft:basalt":10,"minecraft:spruce_door":2,"minecraft:oak_fence":2,"minecraft:crafting_table":15,"minecraft:cornflower":8,"minecraft:short_grass":342,"minecraft:oak_wood":16,"minecraft:waxed_copper_door":1,"minecraft:warped_roots":2,"minecraft:tall_grass":25,"minecraft:lapis_ore":2,"minecraft:deepslate_coal_ore":3,"minecraft:deepslate_gold_ore":124,"minecraft:dead_fire_coral_block":1,"minecraft:birch_planks":4,"minecraft:waxed_oxidized_copper_grate":2,"minecraft:coal_ore":103,"minecraft:sunflower":8,"minecraft:gravel":4,"minecraft:dripstone_block":2,"minecraft:cobweb":3,"minecraft:acacia_planks":51,"minecraft:stone_bricks":36,"minecraft:gold_ore":3},"minecraft:broken":{"minecraft:iron_shovel":1,"minecraft:golden_boots":1,"minecraft:diamond_helmet":1,"minecraft:diamond_boots":1,"minecraft:diamond_pickaxe":1,"minecraft:leather_boots":1},"minecraft:dropped":{"minecraft:guster_pottery_sherd":3,"minecraft:crimson_stem":2,"minecraft:iron_sword":3,"minecraft:warped_stem":4,"minecraft:acacia_wood":128,"minecraft:birch_planks":1,"minecraft:ominous_bottle":2,"minecraft:lapis_lazuli":2,"minecraft:ender_pearl":2,"minecraft:crossbow":1,"minecraft:weeping_vines":3,"minecraft:rooted_dirt":22,"minecraft:leather":27,"minecraft:jungle_planks":4,"minecraft:packed_mud":9,"minecraft:dirt":259,"minecraft:crimson_roots":17,"minecraft:music_disc_precipice":1,"minecraft:chain":16,"minecraft:gilded_blackstone":16,"minecraft:gold_nugget":3,"minecraft:amethyst_shard":4,"minecraft:bone_block":15,"minecraft:sunflower":5,"minecraft:iron_pickaxe":3,"minecraft:gold_ingot":26,"minecraft:bone":51,"minecraft:oak_door":2,"minecraft:gravel":3,"minecraft:crimson_fungus":1,"minecraft:stone_axe":1,"minecraft:blackstone":1,"minecraft:ancient_debris":3,"minecraft:golden_chestplate":2,"minecraft:cobbled_deepslate":18,"minecraft:wheat":7,"minecraft:obsidian":9,"minecraft:pointed_dripstone":15,"minecraft:rotten_flesh":85,"minecraft:oak_planks":82,"minecraft:cooked_mutton":12,"minecraft:white_bed":1,"minecraft:dead_fire_coral_block":1,"minecraft:warped_planks":3,"minecraft:waxed_copper_block":1,"minecraft:deepslate_tiles":6,"minecraft:gunpowder":9,"minecraft:azalea_leaves":7,"minecraft:oak_wood":259,"minecraft:charcoal":1,"minecraft:glowstone":6,"minecraft:stone_brick_wall":30,"minecraft:spruce_slab":22,"minecraft:iron_bars":2,"minecraft:arrow":14,"minecraft:warped_wart_block":2,"minecraft:crying_obsidian":5,"minecraft:netherrack":21,"minecraft:crimson_planks":8,"minecraft:dead_tube_coral_block":4,"minecraft:enchanted_book":2,"minecraft:bread":47,"minecraft:iron_ingot":13,"minecraft:water_bucket":1,"minecraft:golden_boots":5,"minecraft:stripped_spruce_log":1,"minecraft:oak_slab":4,"minecraft:netherite_pickaxe":1,"minecraft:wheat_seeds":90,"minecraft:golden_helmet":3,"minecraft:dripstone_block":5,"minecraft:cobblestone":185,"minecraft:iron_helmet":1,"minecraft:waxed_copper_grate":2,"minecraft:spectral_arrow":7,"minecraft:amethyst_block":5,"minecraft:granite":16,"minecraft:music_disc_pigstep":1,"minecraft:dead_horn_coral_block":1,"minecraft:spruce_door":4,"minecraft:stick":66,"minecraft:torch":2,"minecraft:waxed_weathered_copper_bulb":1,"minecraft:nether_wart_block":6,"minecraft:diamond_helmet":1,"minecraft:iron_leggings":3,"minecraft:oak_stairs":177,"minecraft:smooth_stone":24,"minecraft:string":73,"minecraft:tripwire_hook":2,"minecraft:acacia_planks":297,"minecraft:smooth_basalt":1,"minecraft:redstone":4,"minecraft:tuff_bricks":1,"minecraft:flow_pottery_sherd":2,"minecraft:stone_sword":1,"minecraft:tuff":4,"minecraft:chicken":1,"minecraft:iron_boots":1,"minecraft:nether_bricks":2,"minecraft:shears":1,"minecraft:acacia_leaves":1,"minecraft:glass_pane":14,"minecraft:pumpkin_seeds":2,"minecraft:diamond_sword":1,"minecraft:hay_block":8,"minecraft:stone":41,"minecraft:shield":5,"minecraft:diamond_chestplate":1,"minecraft:piglin_banner_pattern":2,"minecraft:spruce_trapdoor":4,"minecraft:spruce_planks":90,"minecraft:iron_chestplate":1,"minecraft:golden_leggings":1,"minecraft:oak_sapling":1,"minecraft:carved_pumpkin":1,"minecraft:stone_bricks":126,"minecraft:spider_eye":7,"minecraft:spruce_log":92,"minecraft:stone_pickaxe":1,"minecraft:bow":1,"minecraft:raw_gold":66,"minecraft:magma_cream":23,"minecraft:calcite":3,"minecraft:waxed_oxidized_copper_grate":2,"minecraft:brick":16},"minecraft:killed_by":{"minecraft:piglin_brute":2,"minecraft:creeper":1,"minecraft:piglin":2,"minecraft:ender_dragon":2,"minecraft:skeleton":3,"minecraft:phantom":1}},"DataVersion":3953}