{"stats":{"minecraft:crafted":{"minecraft:smooth_stone":8,"minecraft:oak_planks":756,"minecraft:stone":388,"minecraft:diamond_shovel":1,"minecraft:cooked_mutton":10,"minecraft:warped_planks":4,"minecraft:glass":64,"minecraft:diamond_helmet":1,"minecraft:diamond_leggings":1,"minecraft:iron_boots":1,"minecraft:chest":11,"minecraft:stone_bricks":372,"minecraft:oak_fence":36,"minecraft:oak_slab":210,"minecraft:cooked_porkchop":57,"minecraft:diamond_axe":1,"minecraft:crafting_table":4,"minecraft:spruce_planks":372,"minecraft:iron_helmet":2,"minecraft:spruce_door":3,"minecraft:gold_block":7,"minecraft:campfire":50,"minecraft:stone_brick_stairs":16,"minecraft:spruce_trapdoor":4,"minecraft:iron_chestplate":2,"minecraft:charcoal":1,"minecraft:stick":724,"minecraft:iron_ingot":176,"minecraft:iron_pickaxe":1,"minecraft:iron_block":10,"minecraft:stone_sword":1,"minecraft:gold_ingot":102,"minecraft:shears":1,"minecraft:stone_brick_wall":24,"minecraft:golden_chestplate":1,"minecraft:iron_nugget":216,"minecraft:furnace":4,"minecraft:spruce_fence":6,"minecraft:glass_pane":16,"minecraft:flint_and_steel":1,"minecraft:lantern":18,"minecraft:iron_hoe":1,"minecraft:diamond_boots":1,"minecraft:wheat":903,"minecraft:crimson_planks":48,"minecraft:diamond_sword":1,"minecraft:bucket":1,"minecraft:stone_axe":1,"minecraft:bread":322,"minecraft:air":0,"minecraft:oak_fence_gate":5,"minecraft:oak_stairs":84,"minecraft:iron_shovel":1,"minecraft:iron_leggings":2,"minecraft:acacia_planks":676,"minecraft:torch":44,"minecraft:diamond_chestplate":1},"minecraft:picked_up":{"minecraft:chiseled_deepslate":3,"minecraft:wheat":59,"minecraft:oak_stairs":263,"minecraft:potion":2,"minecraft:gilded_blackstone":8,"minecraft:nether_brick":8,"minecraft:stone_brick_stairs":1,"minecraft:amethyst_block":5,"minecraft:dead_tube_coral_block":6,"minecraft:string":38,"minecraft:iron_leggings":1,"minecraft:diamond_leggings":2,"minecraft:deepslate_tiles":15,"minecraft:smooth_stone":32,"minecraft:gold_nugget":284,"minecraft:cobbled_deepslate":142,"minecraft:spruce_planks":116,"minecraft:calcite":3,"minecraft:iron_pickaxe":1,"minecraft:furnace":19,"minecraft:stick":126,"minecraft:golden_helmet":2,"minecraft:oak_fence":2,"minecraft:torch":51,"minecraft:porkchop":56,"minecraft:pointed_dripstone":14,"minecraft:golden_chestplate":1,"minecraft:quartz_block":1,"minecraft:rotten_flesh":112,"minecraft:tropical_fish":1,"minecraft:armadillo_scute":2,"minecraft:carved_pumpkin":1,"minecraft:blaze_rod":5,"minecraft:obsidian":4,"minecraft:iron_bars":2,"minecraft:cobblestone":1126,"minecraft:enchanting_table":1,"minecraft:water_bucket":3,"minecraft:acacia_leaves":40,"minecraft:golden_leggings":1,"minecraft:flint":1,"minecraft:tuff":12,"minecraft:lapis_lazuli":33,"minecraft:dirt":714,"minecraft:bone":95,"minecraft:acacia_planks":484,"minecraft:bow":2,"minecraft:wheat_seeds":193,"minecraft:raw_gold":142,"minecraft:oak_planks":107,"minecraft:sand":64,"minecraft:jungle_planks":474,"minecraft:stripped_spruce_log":1,"minecraft:spectral_arrow":10,"minecraft:stripped_acacia_log":38,"minecraft:diamond":34,"minecraft:cracked_polished_blackstone_bricks":9,"minecraft:granite":28,"minecraft:bread":7,"minecraft:rooted_dirt":86,"minecraft:oak_sapling":1,"minecraft:netherrack":293,"minecraft:crimson_roots":11,"minecraft:crafting_table":12,"minecraft:ominous_bottle":4,"minecraft:chicken":1,"minecraft:stone_brick_wall":11,"minecraft:gold_block":1,"minecraft:dead_horn_coral_block":1,"minecraft:shield":1,"minecraft:flint_and_steel":2,"minecraft:glass_pane":28,"minecraft:blackstone":90,"minecraft:iron_nugget":15,"minecraft:chest":7,"minecraft:spruce_trapdoor":7,"minecraft:phantom_membrane":2,"minecraft:raw_iron":147,"minecraft:stone":38,"minecraft:fire_charge":2,"minecraft:polished_blackstone_bricks":23,"minecraft:redstone":4,"minecraft:netherite_pickaxe":1,"minecraft:weeping_vines":1,"minecraft:arrow":43,"minecraft:diamond_chestplate":2,"minecraft:shears":3,"minecraft:hay_block":136,"minecraft:mutton":6,"minecraft:bone_block":1,"minecraft:white_wool":3,"minecraft:basalt":7,"minecraft:crimson_stem":14,"minecraft:leather":11,"minecraft:acacia_wood":453,"minecraft:birch_planks":1,"minecraft:packed_mud":16,"minecraft:crimson_fungus":1,"minecraft:oak_log":282,"minecraft:ancient_debris":3,"minecraft:golden_boots":4,"minecraft:nether_wart_block":6,"minecraft:gunpowder":8,"minecraft:deepslate_tile_slab":1,"minecraft:white_banner":2,"minecraft:cooked_mutton":2,"minecraft:stone_bricks":159,"minecraft:warped_stem":1,"minecraft:oak_fence_gate":4,"minecraft:iron_ingot":7,"minecraft:soul_sand":19,"minecraft:iron_sword":2,"minecraft:oak_slab":21,"minecraft:smooth_basalt":1,"minecraft:quartz":22,"minecraft:dripstone_block":16,"minecraft:gravel":49,"minecraft:dead_fire_coral_block":1,"minecraft:amethyst_shard":6,"minecraft:spruce_sapling":23,"minecraft:spruce_log":293,"minecraft:crying_obsidian":2,"minecraft:spruce_door":6,"minecraft:oak_wood":604,"minecraft:pumpkin_seeds":2,"minecraft:dead_bubble_coral_block":1,"minecraft:coal":301,"minecraft:sunflower":5,"minecraft:ender_pearl":4},"minecraft:used":{"minecraft:iron_shovel":270,"minecraft:chiseled_deepslate":3,"minecraft:bone_block":3,"minecraft:chest":17,"minecraft:shield":19,"minecraft:stone":3,"minecraft:rotten_flesh":3,"minecraft:soul_sand":19,"minecraft:tuff":10,"minecraft:lantern":11,"minecraft:packed_mud":7,"minecraft:quartz_block":1,"minecraft:stone_brick_stairs":15,"minecraft:stone_bricks":294,"minecraft:hay_block":6,"minecraft:furnace":23,"minecraft:diamond_boots":2,"minecraft:spruce_door":1,"minecraft:oak_planks":350,"minecraft:blackstone":89,"minecraft:ender_pearl":2,"minecraft:diamond_axe":330,"minecraft:crossbow":22,"minecraft:acacia_leaves":15,"minecraft:stone_brick_wall":15,"minecraft:dripstone_block":11,"minecraft:shears":23,"minecraft:bread":224,"minecraft:gravel":3,"minecraft:diamond_sword":1114,"minecraft:fire_charge":2,"minecraft:oak_fence":38,"minecraft:stone_sword":123,"minecraft:flint_and_steel":14,"minecraft:tropical_fish":1,"minecraft:netherrack":272,"minecraft:torch":41,"minecraft:dirt":443,"minecraft:ancient_debris":1,"minecraft:oak_wood":248,"minecraft:golden_chestplate":1,"minecraft:granite":12,"minecraft:spruce_fence":6,"minecraft:oak_fence_gate":9,"minecraft:iron_hoe":42,"minecraft:oak_stairs":52,"minecraft:rooted_dirt":50,"minecraft:iron_boots":1,"minecraft:crimson_planks":40,"minecraft:basalt":7,"minecraft:netherite_pickaxe":1621,"minecraft:acacia_wood":1,"minecraft:cobbled_deepslate":145,"minecraft:dead_bubble_coral_block":1,"minecraft:acacia_planks":159,"minecraft:wheat_seeds":93,"minecraft:water_bucket":65,"minecraft:polished_blackstone_bricks":23,"minecraft:oak_slab":223,"minecraft:crafting_table":16,"minecraft:campfire":50,"minecraft:warped_planks":1,"minecraft:oak_log":89,"minecraft:diamond_pickaxe":368,"minecraft:diamond_shovel":518,"minecraft:cracked_polished_blackstone_bricks":9,"minecraft:iron_pickaxe":241,"minecraft:spruce_trapdoor":3,"minecraft:spruce_sapling":13,"minecraft:stone_axe":27,"minecraft:cobblestone":258,"minecraft:white_banner":2,"minecraft:cooked_porkchop":57,"minecraft:bucket":66,"minecraft:glass_pane":9,"minecraft:diamond_leggings":1},"minecraft:killed":{"minecraft:zombified_piglin":1,"minecraft:spider":6,"minecraft:skeleton":72,"minecraft:chicken":1,"minecraft:piglin_brute":5,"minecraft:tropical_fish":1,"minecraft:piglin":12,"minecraft:zombie_villager":1,"minecraft:ender_dragon":1,"minecraft:creeper":5,"minecraft:sheep":3,"minecraft:pillager":3,"minecraft:zombie":75,"minecraft:blaze":7,"minecraft:phantom":6,"minecraft:drowned":1,"minecraft:hoglin":25,"minecraft:wither_skeleton":1,"minecraft:enderman":20},"minecraft:custom":{"minecraft:animals_bred":1,"minecraft:interact_with_crafting_table":136,"minecraft:leave_game":3,"minecraft:time_since_death":107014,"minecraft:sprint_one_cm":1828526,"minecraft:damage_blocked_by_shield":805,"minecraft:drop":373,"minecraft:play_time":605224,"minecraft:deaths":12,"minecraft:jump":9764,"minecraft:walk_on_water_one_cm":56549,"minecraft:enchant_item":1,"minecraft:interact_with_furnace":272,"minecraft:damage_dealt":52832,"minecraft:crouch_one_cm":112742,"minecraft:interact_with_smithing_table":3,"minecraft:mob_kills":288,"minecraft:interact_with_anvil":11,"minecraft:inspect_hopper":1,"minecraft:climb_one_cm":768,"minecraft:walk_one_cm":794090,"minecraft:sneak_time":29203,"minecraft:walk_under_water_one_cm":50391,"minecraft:total_world_time":605224,"minecraft:time_since_rest":107042,"minecraft:damage_taken":17387,"minecraft:swim_one_cm":273010,"minecraft:fly_one_cm":1986418,"minecraft:open_chest":253,"minecraft:fall_one_cm":286723},"minecraft:mined":{"minecraft:large_amethyst_bud":1,"minecraft:farmland":1,"minecraft:carved_pumpkin":1,"minecraft:spruce_trapdoor":1,"minecraft:granite":28,"minecraft:budding_amethyst":1,"minecraft:stone_brick_wall":1,"minecraft:grass_block":608,"minecraft:cracked_polished_blackstone_bricks":9,"minecraft:tube_coral_block":2,"minecraft:crimson_fungus":1,"minecraft:gilded_blackstone":9,"minecraft:polished_blackstone_bricks":48,"minecraft:weeping_vines_plant":2,"minecraft:iron_ore":63,"minecraft:fire":15,"minecraft:cobbled_deepslate":9,"minecraft:deepslate_lapis_ore":4,"minecraft:enchanting_table":1,"minecraft:twisting_vines":1,"minecraft:dirt_path":1,"minecraft:oak_stairs":27,"minecraft:iron_bars":2,"minecraft:azalea_leaves":3,"minecraft:white_banner":1,"minecraft:quartz_block":1,"minecraft:blackstone":69,"minecraft:dead_bubble_coral_block":1,"minecraft:deepslate_tile_slab":1,"minecraft:crimson_nylium":14,"minecraft:medium_amethyst_bud":1,"minecraft:amethyst_cluster":1,"minecraft:torch":17,"minecraft:calcite":3,"minecraft:chest":5,"minecraft:cobblestone":33,"minecraft:oak_planks":64,"minecraft:wall_torch":22,"minecraft:amethyst_block":5,"minecraft:warped_nylium":10,"minecraft:nether_wart_block":6,"minecraft:wheat":52,"minecraft:warped_fungus":1,"minecraft:stone_brick_stairs":1,"minecraft:oak_fence_gate":4,"minecraft:sand":67,"minecraft:dirt":66,"minecraft:crimson_planks":2,"minecraft:smooth_basalt":1,"minecraft:ancient_debris":1,"minecraft:netherrack":521,"minecraft:oak_leaves":2,"minecraft:deepslate":88,"minecraft:deepslate_tiles":5,"minecraft:nether_gold_ore":79,"minecraft:tuff":3,"minecraft:deepslate_diamond_ore":33,"minecraft:end_stone":2,"minecraft:nether_bricks":41,"minecraft:jungle_planks":1,"minecraft:crimson_roots":8,"minecraft:spruce_leaves":17,"minecraft:rooted_dirt":47,"minecraft:crimson_stem":12,"minecraft:large_fern":21,"minecraft:hay_block":137,"minecraft:spruce_sapling":2,"minecraft:packed_mud":16,"minecraft:furnace":17,"minecraft:nether_sprouts":1,"minecraft:stripped_spruce_log":1,"minecraft:chiseled_deepslate":3,"minecraft:gold_block":1,"minecraft:dead_horn_coral_block":1,"minecraft:deepslate_iron_ore":85,"minecraft:warped_stem":1,"minecraft:stripped_acacia_log":38,"minecraft:stone":768,"minecraft:bone_block":1,"minecraft:oak_slab":17,"minecraft:acacia_leaves":24,"minecraft:glass_pane":1,"minecraft:basalt":10,"minecraft:oak_fence":2,"minecraft:crafting_table":13,"minecraft:short_grass":340,"minecraft:oak_wood":16,"minecraft:warped_roots":2,"minecraft:tall_grass":25,"minecraft:deepslate_gold_ore":97,"minecraft:dead_fire_coral_block":1,"minecraft:birch_planks":4,"minecraft:coal_ore":94,"minecraft:sunflower":8,"minecraft:gravel":4,"minecraft:dripstone_block":2,"minecraft:acacia_planks":51,"minecraft:stone_bricks":36},"minecraft:broken":{"minecraft:iron_shovel":1,"minecraft:golden_boots":1,"minecraft:diamond_pickaxe":1},"minecraft:dropped":{"minecraft:crimson_stem":2,"minecraft:iron_sword":3,"minecraft:warped_stem":4,"minecraft:acacia_wood":128,"minecraft:birch_planks":1,"minecraft:ominous_bottle":1,"minecraft:lapis_lazuli":2,"minecraft:ender_pearl":2,"minecraft:crossbow":1,"minecraft:weeping_vines":3,"minecraft:rooted_dirt":22,"minecraft:leather":26,"minecraft:jungle_planks":4,"minecraft:packed_mud":9,"minecraft:dirt":256,"minecraft:crimson_roots":17,"minecraft:chain":16,"minecraft:gilded_blackstone":16,"minecraft:gold_nugget":3,"minecraft:amethyst_shard":4,"minecraft:bone_block":15,"minecraft:sunflower":5,"minecraft:iron_pickaxe":3,"minecraft:gold_ingot":26,"minecraft:bone":37,"minecraft:oak_door":2,"minecraft:gravel":3,"minecraft:crimson_fungus":1,"minecraft:stone_axe":1,"minecraft:blackstone":1,"minecraft:ancient_debris":3,"minecraft:golden_chestplate":2,"minecraft:cobbled_deepslate":16,"minecraft:wheat":7,"minecraft:obsidian":9,"minecraft:pointed_dripstone":15,"minecraft:rotten_flesh":59,"minecraft:oak_planks":82,"minecraft:cooked_mutton":12,"minecraft:warped_planks":3,"minecraft:dead_fire_coral_block":1,"minecraft:deepslate_tiles":6,"minecraft:gunpowder":8,"minecraft:oak_wood":259,"minecraft:charcoal":1,"minecraft:glowstone":6,"minecraft:stone_brick_wall":20,"minecraft:iron_bars":2,"minecraft:arrow":14,"minecraft:warped_wart_block":2,"minecraft:crying_obsidian":5,"minecraft:netherrack":21,"minecraft:dead_tube_coral_block":4,"minecraft:water_bucket":1,"minecraft:crimson_planks":8,"minecraft:iron_ingot":13,"minecraft:golden_boots":5,"minecraft:bread":39,"minecraft:oak_slab":4,"minecraft:stripped_spruce_log":1,"minecraft:netherite_pickaxe":1,"minecraft:wheat_seeds":89,"minecraft:golden_helmet":3,"minecraft:dripstone_block":5,"minecraft:iron_helmet":1,"minecraft:cobblestone":185,"minecraft:spectral_arrow":7,"minecraft:amethyst_block":5,"minecraft:granite":16,"minecraft:music_disc_pigstep":1,"minecraft:spruce_door":4,"minecraft:dead_horn_coral_block":1,"minecraft:stick":66,"minecraft:torch":2,"minecraft:nether_wart_block":6,"minecraft:diamond_helmet":1,"minecraft:iron_leggings":3,"minecraft:oak_stairs":177,"minecraft:smooth_stone":24,"minecraft:string":58,"minecraft:acacia_planks":290,"minecraft:smooth_basalt":1,"minecraft:redstone":4,"minecraft:stone_sword":1,"minecraft:tuff":2,"minecraft:chicken":1,"minecraft:iron_boots":1,"minecraft:nether_bricks":2,"minecraft:shears":1,"minecraft:glass_pane":14,"minecraft:pumpkin_seeds":2,"minecraft:hay_block":8,"minecraft:stone":41,"minecraft:shield":2,"minecraft:diamond_chestplate":1,"minecraft:piglin_banner_pattern":2,"minecraft:spruce_trapdoor":4,"minecraft:spruce_planks":90,"minecraft:iron_chestplate":1,"minecraft:golden_leggings":1,"minecraft:oak_sapling":1,"minecraft:carved_pumpkin":1,"minecraft:stone_bricks":126,"minecraft:spider_eye":1,"minecraft:spruce_log":92,"minecraft:stone_pickaxe":1,"minecraft:bow":1,"minecraft:raw_gold":66,"minecraft:magma_cream":23,"minecraft:calcite":3},"minecraft:killed_by":{"minecraft:piglin_brute":2,"minecraft:creeper":1,"minecraft:piglin":2,"minecraft:ender_dragon":2,"minecraft:skeleton":1,"minecraft:phantom":1}},"DataVersion":3953}