{"stats":{"minecraft:custom":{"minecraft:interact_with_crafting_table":46,"minecraft:open_barrel":1,"minecraft:open_shulker_box":3,"minecraft:leave_game":31,"minecraft:time_since_death":17175,"minecraft:sprint_one_cm":492032,"minecraft:drop":284,"minecraft:talked_to_villager":1,"minecraft:play_time":523295,"minecraft:deaths":24,"minecraft:jump":5376,"minecraft:enchant_item":8,"minecraft:walk_on_water_one_cm":57559,"minecraft:interact_with_furnace":43,"minecraft:sleep_in_bed":7,"minecraft:open_enderchest":1,"minecraft:damage_dealt":40428,"minecraft:crouch_one_cm":54770,"minecraft:mob_kills":190,"minecraft:interact_with_anvil":1,"minecraft:climb_one_cm":2527,"minecraft:walk_one_cm":416637,"minecraft:sneak_time":41072,"minecraft:walk_under_water_one_cm":58951,"minecraft:boat_one_cm":11673,"minecraft:total_world_time":523295,"minecraft:interact_with_grindstone":1,"minecraft:time_since_rest":8543,"minecraft:damage_taken":12203,"minecraft:swim_one_cm":20913,"minecraft:fly_one_cm":1919208,"minecraft:open_chest":154,"minecraft:aviate_one_cm":357695,"minecraft:fall_one_cm":72426},"minecraft:killed_by":{"minecraft:creeper":2,"minecraft:blaze":1,"minecraft:zombie":1,"minecraft:spider":1,"minecraft:enderman":2,"minecraft:iron_golem":4,"minecraft:shulker":1,"minecraft:skeleton":2},"minecraft:mined":{"minecraft:spruce_planks":38,"minecraft:white_bed":1,"minecraft:obsidian":2,"minecraft:granite":13,"minecraft:grass_block":22,"minecraft:dead_tube_coral_block":7,"minecraft:cracked_polished_blackstone_bricks":7,"minecraft:purpur_slab":1,"minecraft:spawner":2,"minecraft:polished_blackstone_bricks":11,"minecraft:weeping_vines_plant":1,"minecraft:magma_block":8,"minecraft:cobbled_deepslate":82,"minecraft:iron_ore":17,"minecraft:fire":4,"minecraft:pumpkin":5,"minecraft:deepslate_lapis_ore":8,"minecraft:enchanting_table":2,"minecraft:twisting_vines":3,"minecraft:pointed_dripstone":4,"minecraft:dirt_path":1,"minecraft:end_stone_bricks":1,"minecraft:white_banner":1,"minecraft:deepslate_redstone_ore":47,"minecraft:blackstone":4,"minecraft:dead_bubble_coral_block":5,"minecraft:twisting_vines_plant":2,"minecraft:crimson_nylium":6,"minecraft:deepslate_tile_slab":2,"minecraft:torch":3,"minecraft:calcite":2,"minecraft:chest":10,"minecraft:nether_quartz_ore":6,"minecraft:cobblestone":6,"minecraft:birch_wood":4,"minecraft:oak_planks":1,"minecraft:grindstone":2,"minecraft:sugar_cane":1,"minecraft:iron_door":2,"minecraft:wall_torch":1,"minecraft:amethyst_block":5,"minecraft:warped_nylium":5,"minecraft:wheat":16,"minecraft:stripped_oak_wood":2,"minecraft:purpur_block":17,"minecraft:stone_brick_stairs":1,"minecraft:dirt":3,"minecraft:crimson_planks":1,"minecraft:smooth_basalt":2,"minecraft:netherrack":383,"minecraft:deepslate":572,"minecraft:nether_gold_ore":21,"minecraft:deepslate_tiles":1,"minecraft:diamond_ore":1,"minecraft:tuff":77,"minecraft:deepslate_diamond_ore":74,"minecraft:blackstone_wall":1,"minecraft:end_stone":1,"minecraft:glow_lichen":2,"minecraft:nether_bricks":1,"minecraft:crimson_roots":13,"minecraft:spruce_leaves":10,"minecraft:rooted_dirt":11,"minecraft:crimson_stem":1,"minecraft:large_fern":8,"minecraft:packed_mud":14,"minecraft:furnace":7,"minecraft:nether_sprouts":3,"minecraft:chiseled_deepslate":1,"minecraft:gold_block":25,"minecraft:dead_horn_coral_block":3,"minecraft:bookshelf":1,"minecraft:deepslate_iron_ore":16,"minecraft:warped_stem":4,"minecraft:stone":272,"minecraft:podzol":9,"minecraft:oak_slab":7,"minecraft:observer":3,"minecraft:crafting_table":7,"minecraft:cornflower":3,"minecraft:short_grass":110,"minecraft:oak_wood":3,"minecraft:warped_roots":6,"minecraft:copper_ore":2,"minecraft:purpur_pillar":3,"minecraft:tall_grass":7,"minecraft:deepslate_gold_ore":15,"minecraft:lapis_ore":6,"minecraft:warped_wart_block":10,"minecraft:dead_brain_coral_block":3,"minecraft:coal_ore":23,"minecraft:sunflower":46,"minecraft:gravel":29,"minecraft:cobweb":2,"minecraft:cracked_stone_bricks":4,"minecraft:stone_bricks":27,"minecraft:mossy_stone_bricks":3},"minecraft:picked_up":{"minecraft:shulker_shell":1,"minecraft:wheat":3,"minecraft:diamond_sword":1,"minecraft:potion":9,"minecraft:gilded_blackstone":9,"minecraft:nether_brick":32,"minecraft:stone_brick_stairs":1,"minecraft:crimson_planks":1,"minecraft:amethyst_block":25,"minecraft:string":39,"minecraft:dead_tube_coral_block":7,"minecraft:gold_nugget":301,"minecraft:cobbled_deepslate":1026,"minecraft:spruce_planks":167,"minecraft:calcite":6,"minecraft:ender_eye":8,"minecraft:iron_pickaxe":1,"minecraft:furnace":11,"minecraft:iron_boots":4,"minecraft:golden_helmet":1,"minecraft:stick":48,"minecraft:torch":8,"minecraft:purpur_pillar":3,"minecraft:porkchop":29,"minecraft:golden_axe":2,"minecraft:pointed_dripstone":35,"minecraft:rotten_flesh":36,"minecraft:blaze_rod":1,"minecraft:obsidian":21,"minecraft:cobblestone":649,"minecraft:magma_block":8,"minecraft:feather":8,"minecraft:cooked_beef":30,"minecraft:tuff":169,"minecraft:lapis_lazuli":199,"minecraft:dirt":32,"minecraft:bone":13,"minecraft:wheat_seeds":13,"minecraft:raw_gold":33,"minecraft:birch_wood":4,"minecraft:grindstone":2,"minecraft:diamond_helmet":2,"minecraft:oak_planks":5,"minecraft:cooked_porkchop":4,"minecraft:warped_wart_block":10,"minecraft:grass_block":2,"minecraft:spectral_arrow":33,"minecraft:diamond":77,"minecraft:deepslate":228,"minecraft:cracked_polished_blackstone_bricks":7,"minecraft:dead_brain_coral_block":6,"minecraft:crossbow":1,"minecraft:granite":29,"minecraft:bread":11,"minecraft:rooted_dirt":23,"minecraft:netherrack":537,"minecraft:chorus_fruit":8,"minecraft:crimson_roots":14,"minecraft:diamond_pickaxe":3,"minecraft:crafting_table":8,"minecraft:splash_potion":4,"minecraft:chicken":1,"minecraft:wooden_pickaxe":1,"minecraft:gold_block":20,"minecraft:dragon_head":2,"minecraft:purpur_block":7,"minecraft:dead_horn_coral_block":12,"minecraft:elytra":4,"minecraft:blackstone":78,"minecraft:netherite_sword":3,"minecraft:beef":15,"minecraft:observer":3,"minecraft:sugar_cane":2,"minecraft:chest":115,"minecraft:raw_iron":51,"minecraft:fire_charge":41,"minecraft:polished_blackstone_bricks":9,"minecraft:redstone":451,"minecraft:weeping_vines":2,"minecraft:arrow":7,"minecraft:diamond_chestplate":3,"minecraft:nether_bricks":1,"minecraft:diamond_boots":2,"minecraft:gold_ingot":215,"minecraft:mutton":5,"minecraft:white_wool":2,"minecraft:crimson_stem":1,"minecraft:leather":47,"minecraft:packed_mud":8,"minecraft:golden_boots":2,"minecraft:gunpowder":5,"minecraft:deepslate_tile_slab":1,"minecraft:cooked_mutton":6,"minecraft:stone_bricks":18,"minecraft:warped_stem":4,"minecraft:iron_ingot":8,"minecraft:soul_sand":73,"minecraft:book":3,"minecraft:oak_slab":3,"minecraft:smooth_basalt":8,"minecraft:pumpkin":5,"minecraft:quartz":112,"minecraft:dripstone_block":5,"minecraft:gravel":176,"minecraft:spruce_sapling":6,"minecraft:white_bed":1,"minecraft:spruce_log":163,"minecraft:crying_obsidian":28,"minecraft:oak_wood":4,"minecraft:stone_axe":1,"minecraft:dead_bubble_coral_block":5,"minecraft:warped_roots":5,"minecraft:warped_nylium":1,"minecraft:coal":70,"minecraft:wooden_axe":1,"minecraft:ender_pearl":24,"minecraft:sunflower":58},"minecraft:broken":{"minecraft:golden_boots":1,"minecraft:diamond_helmet":1,"minecraft:stone_axe":1,"minecraft:diamond_leggings":1},"minecraft:dropped":{"minecraft:soul_sand":28,"minecraft:chorus_fruit":3,"minecraft:diamond":17,"minecraft:crafting_table":4,"minecraft:cooked_porkchop":1,"minecraft:warped_roots":2,"minecraft:elytra":1,"minecraft:cracked_polished_blackstone_bricks":3,"minecraft:packed_mud":1,"minecraft:gilded_blackstone":18,"minecraft:gold_nugget":22,"minecraft:sunflower":37,"minecraft:polished_blackstone_bricks":9,"minecraft:white_wool":2,"minecraft:gold_ingot":173,"minecraft:gravel":166,"minecraft:stone_axe":1,"minecraft:blackstone":1,"minecraft:sugar_cane":2,"minecraft:cobbled_deepslate":40,"minecraft:netherite_sword":2,"minecraft:wheat":3,"minecraft:obsidian":11,"minecraft:pointed_dripstone":37,"minecraft:rotten_flesh":5,"minecraft:gunpowder":3,"minecraft:arrow":6,"minecraft:crying_obsidian":25,"minecraft:quartz":125,"minecraft:splash_potion":1,"minecraft:netherrack":192,"minecraft:dead_tube_coral_block":7,"minecraft:golden_boots":1,"minecraft:iron_ingot":3,"minecraft:wheat_seeds":13,"minecraft:golden_axe":1,"minecraft:cobblestone":199,"minecraft:book":3,"minecraft:amethyst_block":10,"minecraft:granite":2,"minecraft:dead_horn_coral_block":3,"minecraft:stick":15,"minecraft:wooden_axe":2,"minecraft:fire_charge":17,"minecraft:potion":2,"minecraft:string":22,"minecraft:spruce_sapling":4,"minecraft:redstone":64,"minecraft:furnace":4,"minecraft:deepslate":62,"minecraft:tuff":12,"minecraft:raw_iron":13,"minecraft:iron_boots":1,"minecraft:diamond_sword":1,"minecraft:diamond_chestplate":1,"minecraft:spruce_planks":65,"minecraft:diamond_pickaxe":1,"minecraft:wooden_shovel":1,"minecraft:wooden_pickaxe":2,"minecraft:dead_brain_coral_block":6,"minecraft:magma_cream":2,"minecraft:magma_block":6},"minecraft:used":{"minecraft:elytra":1,"minecraft:chest":37,"minecraft:rotten_flesh":29,"minecraft:nether_bricks":7,"minecraft:deepslate_tile_slab":1,"minecraft:tuff":13,"minecraft:packed_mud":5,"minecraft:warped_nylium":1,"minecraft:iron_helmet":1,"minecraft:crimson_roots":3,"minecraft:stone_bricks":18,"minecraft:furnace":9,"minecraft:golden_boots":1,"minecraft:diamond_boots":2,"minecraft:chorus_fruit":2,"minecraft:stone_pickaxe":119,"minecraft:oak_planks":2,"minecraft:blackstone":77,"minecraft:ender_pearl":27,"minecraft:wooden_pickaxe":7,"minecraft:crossbow":29,"minecraft:bread":11,"minecraft:deepslate":24,"minecraft:gravel":15,"minecraft:diamond_sword":285,"minecraft:grindstone":2,"minecraft:bone_meal":3,"minecraft:netherite_sword":890,"minecraft:spruce_planks":463,"minecraft:wooden_shovel":23,"minecraft:netherrack":10,"minecraft:torch":12,"minecraft:dirt":22,"minecraft:warped_wart_block":8,"minecraft:diamond_helmet":2,"minecraft:oak_wood":1,"minecraft:wooden_axe":13,"minecraft:iron_axe":38,"minecraft:rooted_dirt":2,"minecraft:crimson_planks":1,"minecraft:diamond_chestplate":2,"minecraft:dead_bubble_coral_block":5,"minecraft:cobbled_deepslate":534,"minecraft:observer":3,"minecraft:cooked_mutton":8,"minecraft:water_bucket":12,"minecraft:oak_slab":3,"minecraft:crafting_table":7,"minecraft:white_bed":1,"minecraft:ender_eye":3,"minecraft:diamond_pickaxe":1649,"minecraft:cracked_polished_blackstone_bricks":4,"minecraft:chicken":1,"minecraft:iron_pickaxe":134,"minecraft:spruce_sapling":1,"minecraft:stone_axe":23,"minecraft:cobblestone":62,"minecraft:potion":3,"minecraft:cooked_porkchop":48,"minecraft:porkchop":4,"minecraft:bucket":12,"minecraft:diamond_leggings":2},"minecraft:killed":{"minecraft:zombified_piglin":2,"minecraft:spider":8,"minecraft:shulker":3,"minecraft:skeleton":31,"minecraft:chicken":6,"minecraft:magma_cube":7,"minecraft:piglin":10,"minecraft:pig":7,"minecraft:iron_golem":1,"minecraft:creeper":9,"minecraft:sheep":4,"minecraft:zombie":33,"minecraft:blaze":3,"minecraft:cow":7,"minecraft:armadillo":1,"minecraft:hoglin":5,"minecraft:enderman":47},"minecraft:crafted":{"minecraft:oak_planks":12,"minecraft:cooked_mutton":2,"minecraft:diamond_helmet":2,"minecraft:diamond_leggings":2,"minecraft:chest":87,"minecraft:golden_boots":2,"minecraft:wooden_shovel":1,"minecraft:cooked_porkchop":45,"minecraft:crafting_table":3,"minecraft:spruce_planks":1193,"minecraft:wooden_pickaxe":1,"minecraft:iron_helmet":1,"minecraft:birch_planks":16,"minecraft:diamond_pickaxe":2,"minecraft:stick":40,"minecraft:iron_ingot":8,"minecraft:iron_pickaxe":1,"minecraft:gold_ingot":180,"minecraft:furnace":4,"minecraft:bone_meal":3,"minecraft:iron_axe":1,"minecraft:stone_pickaxe":1,"minecraft:diamond_boots":2,"minecraft:diamond_sword":1,"minecraft:nether_bricks":8,"minecraft:bucket":1,"minecraft:stone_axe":1,"minecraft:air":0,"minecraft:wooden_axe":1,"minecraft:torch":4,"minecraft:diamond_chestplate":2}},"DataVersion":3953}