{"stats":{"minecraft:custom":{"minecraft:interact_with_crafting_table":42,"minecraft:open_barrel":1,"minecraft:open_shulker_box":3,"minecraft:leave_game":28,"minecraft:time_since_death":51901,"minecraft:sprint_one_cm":492032,"minecraft:drop":245,"minecraft:play_time":471907,"minecraft:deaths":19,"minecraft:jump":4962,"minecraft:enchant_item":7,"minecraft:walk_on_water_one_cm":56031,"minecraft:interact_with_furnace":38,"minecraft:sleep_in_bed":5,"minecraft:open_enderchest":1,"minecraft:damage_dealt":38332,"minecraft:crouch_one_cm":54228,"minecraft:mob_kills":172,"minecraft:interact_with_anvil":1,"minecraft:climb_one_cm":2462,"minecraft:walk_one_cm":414311,"minecraft:sneak_time":38577,"minecraft:walk_under_water_one_cm":58951,"minecraft:boat_one_cm":11673,"minecraft:total_world_time":471907,"minecraft:interact_with_grindstone":1,"minecraft:time_since_rest":51699,"minecraft:damage_taken":10364,"minecraft:swim_one_cm":20913,"minecraft:fly_one_cm":1689035,"minecraft:open_chest":125,"minecraft:aviate_one_cm":357695,"minecraft:fall_one_cm":72426},"minecraft:killed_by":{"minecraft:creeper":1,"minecraft:blaze":1,"minecraft:zombie":1,"minecraft:spider":1,"minecraft:enderman":2,"minecraft:iron_golem":1,"minecraft:shulker":1,"minecraft:skeleton":2},"minecraft:mined":{"minecraft:spruce_planks":38,"minecraft:obsidian":2,"minecraft:granite":4,"minecraft:grass_block":22,"minecraft:dead_tube_coral_block":7,"minecraft:cracked_polished_blackstone_bricks":7,"minecraft:purpur_slab":1,"minecraft:spawner":2,"minecraft:polished_blackstone_bricks":11,"minecraft:weeping_vines_plant":1,"minecraft:magma_block":2,"minecraft:cobbled_deepslate":22,"minecraft:iron_ore":17,"minecraft:fire":4,"minecraft:pumpkin":5,"minecraft:deepslate_lapis_ore":8,"minecraft:enchanting_table":2,"minecraft:twisting_vines":3,"minecraft:pointed_dripstone":4,"minecraft:dirt_path":1,"minecraft:end_stone_bricks":1,"minecraft:white_banner":1,"minecraft:deepslate_redstone_ore":47,"minecraft:blackstone":4,"minecraft:dead_bubble_coral_block":5,"minecraft:crimson_nylium":2,"minecraft:twisting_vines_plant":2,"minecraft:deepslate_tile_slab":2,"minecraft:torch":3,"minecraft:calcite":2,"minecraft:chest":6,"minecraft:nether_quartz_ore":3,"minecraft:cobblestone":5,"minecraft:birch_wood":4,"minecraft:grindstone":2,"minecraft:oak_planks":1,"minecraft:sugar_cane":1,"minecraft:iron_door":2,"minecraft:wall_torch":1,"minecraft:amethyst_block":5,"minecraft:warped_nylium":3,"minecraft:wheat":16,"minecraft:stripped_oak_wood":2,"minecraft:purpur_block":17,"minecraft:stone_brick_stairs":1,"minecraft:dirt":3,"minecraft:crimson_planks":1,"minecraft:smooth_basalt":2,"minecraft:netherrack":9,"minecraft:deepslate":562,"minecraft:nether_gold_ore":12,"minecraft:deepslate_tiles":1,"minecraft:diamond_ore":1,"minecraft:tuff":77,"minecraft:deepslate_diamond_ore":74,"minecraft:blackstone_wall":1,"minecraft:end_stone":1,"minecraft:glow_lichen":2,"minecraft:nether_bricks":1,"minecraft:crimson_roots":13,"minecraft:spruce_leaves":10,"minecraft:rooted_dirt":3,"minecraft:large_fern":8,"minecraft:packed_mud":5,"minecraft:furnace":4,"minecraft:nether_sprouts":3,"minecraft:chiseled_deepslate":1,"minecraft:gold_block":25,"minecraft:dead_horn_coral_block":3,"minecraft:bookshelf":1,"minecraft:deepslate_iron_ore":16,"minecraft:warped_stem":4,"minecraft:stone":138,"minecraft:podzol":8,"minecraft:oak_slab":4,"minecraft:observer":3,"minecraft:crafting_table":6,"minecraft:cornflower":3,"minecraft:short_grass":110,"minecraft:oak_wood":3,"minecraft:warped_roots":4,"minecraft:purpur_pillar":3,"minecraft:tall_grass":7,"minecraft:deepslate_gold_ore":15,"minecraft:lapis_ore":6,"minecraft:warped_wart_block":10,"minecraft:dead_brain_coral_block":3,"minecraft:coal_ore":23,"minecraft:sunflower":46,"minecraft:gravel":29,"minecraft:cobweb":2,"minecraft:cracked_stone_bricks":4,"minecraft:stone_bricks":27,"minecraft:mossy_stone_bricks":3},"minecraft:picked_up":{"minecraft:shulker_shell":1,"minecraft:wheat":3,"minecraft:diamond_sword":1,"minecraft:potion":5,"minecraft:gilded_blackstone":9,"minecraft:nether_brick":32,"minecraft:stone_brick_stairs":1,"minecraft:crimson_planks":1,"minecraft:amethyst_block":5,"minecraft:string":37,"minecraft:dead_tube_coral_block":7,"minecraft:gold_nugget":50,"minecraft:cobbled_deepslate":596,"minecraft:spruce_planks":167,"minecraft:calcite":2,"minecraft:ender_eye":8,"minecraft:iron_pickaxe":1,"minecraft:furnace":6,"minecraft:iron_boots":4,"minecraft:golden_helmet":1,"minecraft:stick":1,"minecraft:torch":8,"minecraft:purpur_pillar":3,"minecraft:porkchop":29,"minecraft:pointed_dripstone":35,"minecraft:rotten_flesh":31,"minecraft:blaze_rod":1,"minecraft:obsidian":21,"minecraft:cobblestone":128,"minecraft:magma_block":8,"minecraft:feather":8,"minecraft:tuff":77,"minecraft:lapis_lazuli":91,"minecraft:dirt":31,"minecraft:bone":13,"minecraft:wheat_seeds":13,"minecraft:raw_gold":17,"minecraft:birch_wood":4,"minecraft:grindstone":2,"minecraft:oak_planks":5,"minecraft:cooked_porkchop":4,"minecraft:warped_wart_block":10,"minecraft:spectral_arrow":33,"minecraft:diamond":74,"minecraft:deepslate":64,"minecraft:cracked_polished_blackstone_bricks":7,"minecraft:dead_brain_coral_block":3,"minecraft:crossbow":1,"minecraft:granite":2,"minecraft:bread":11,"minecraft:rooted_dirt":1,"minecraft:netherrack":10,"minecraft:chorus_fruit":3,"minecraft:crimson_roots":14,"minecraft:diamond_pickaxe":1,"minecraft:crafting_table":7,"minecraft:splash_potion":1,"minecraft:chicken":1,"minecraft:wooden_pickaxe":1,"minecraft:gold_block":20,"minecraft:dragon_head":1,"minecraft:purpur_block":7,"minecraft:dead_horn_coral_block":3,"minecraft:elytra":1,"minecraft:blackstone":78,"minecraft:netherite_sword":3,"minecraft:beef":15,"minecraft:observer":3,"minecraft:sugar_cane":2,"minecraft:chest":5,"minecraft:raw_iron":33,"minecraft:fire_charge":9,"minecraft:polished_blackstone_bricks":9,"minecraft:redstone":213,"minecraft:weeping_vines":2,"minecraft:arrow":7,"minecraft:nether_bricks":1,"minecraft:gold_ingot":32,"minecraft:mutton":5,"minecraft:white_wool":2,"minecraft:leather":43,"minecraft:packed_mud":4,"minecraft:golden_boots":2,"minecraft:gunpowder":5,"minecraft:deepslate_tile_slab":1,"minecraft:cooked_mutton":6,"minecraft:stone_bricks":18,"minecraft:warped_stem":4,"minecraft:iron_ingot":5,"minecraft:soul_sand":73,"minecraft:book":3,"minecraft:oak_slab":3,"minecraft:smooth_basalt":2,"minecraft:pumpkin":5,"minecraft:quartz":106,"minecraft:dripstone_block":5,"minecraft:gravel":176,"minecraft:spruce_sapling":1,"minecraft:spruce_log":163,"minecraft:crying_obsidian":28,"minecraft:oak_wood":4,"minecraft:stone_axe":1,"minecraft:dead_bubble_coral_block":5,"minecraft:warped_roots":3,"minecraft:warped_nylium":1,"minecraft:coal":70,"minecraft:ender_pearl":24,"minecraft:sunflower":34},"minecraft:broken":{"minecraft:golden_boots":1,"minecraft:diamond_helmet":1,"minecraft:stone_axe":1,"minecraft:diamond_leggings":1},"minecraft:dropped":{"minecraft:soul_sand":28,"minecraft:diamond":17,"minecraft:crafting_table":4,"minecraft:cooked_porkchop":1,"minecraft:warped_roots":2,"minecraft:cracked_polished_blackstone_bricks":3,"minecraft:gilded_blackstone":18,"minecraft:sunflower":25,"minecraft:polished_blackstone_bricks":9,"minecraft:white_wool":2,"minecraft:gold_ingot":112,"minecraft:gravel":166,"minecraft:stone_axe":1,"minecraft:blackstone":1,"minecraft:sugar_cane":2,"minecraft:cobbled_deepslate":37,"minecraft:netherite_sword":2,"minecraft:wheat":3,"minecraft:obsidian":11,"minecraft:pointed_dripstone":37,"minecraft:rotten_flesh":4,"minecraft:gunpowder":3,"minecraft:arrow":6,"minecraft:crying_obsidian":25,"minecraft:quartz":125,"minecraft:golden_boots":1,"minecraft:iron_ingot":3,"minecraft:wheat_seeds":13,"minecraft:golden_axe":1,"minecraft:cobblestone":7,"minecraft:book":3,"minecraft:granite":2,"minecraft:string":22,"minecraft:redstone":9,"minecraft:furnace":3,"minecraft:tuff":12,"minecraft:raw_iron":13,"minecraft:iron_boots":1,"minecraft:diamond_sword":1,"minecraft:spruce_planks":65,"minecraft:diamond_pickaxe":1,"minecraft:wooden_shovel":1,"minecraft:wooden_pickaxe":2,"minecraft:magma_cream":2,"minecraft:magma_block":6},"minecraft:used":{"minecraft:elytra":1,"minecraft:chest":26,"minecraft:rotten_flesh":29,"minecraft:nether_bricks":7,"minecraft:deepslate_tile_slab":1,"minecraft:tuff":13,"minecraft:packed_mud":4,"minecraft:warped_nylium":1,"minecraft:iron_helmet":1,"minecraft:crimson_roots":3,"minecraft:stone_bricks":18,"minecraft:furnace":5,"minecraft:diamond_boots":2,"minecraft:stone_pickaxe":119,"minecraft:chorus_fruit":2,"minecraft:oak_planks":2,"minecraft:blackstone":77,"minecraft:ender_pearl":25,"minecraft:wooden_pickaxe":7,"minecraft:crossbow":28,"minecraft:bread":11,"minecraft:deepslate":2,"minecraft:gravel":15,"minecraft:diamond_sword":253,"minecraft:grindstone":2,"minecraft:bone_meal":3,"minecraft:netherite_sword":855,"minecraft:spruce_planks":463,"minecraft:wooden_shovel":23,"minecraft:netherrack":7,"minecraft:torch":12,"minecraft:dirt":21,"minecraft:warped_wart_block":8,"minecraft:diamond_helmet":2,"minecraft:oak_wood":1,"minecraft:wooden_axe":9,"minecraft:iron_axe":38,"minecraft:rooted_dirt":1,"minecraft:crimson_planks":1,"minecraft:diamond_chestplate":2,"minecraft:dead_bubble_coral_block":5,"minecraft:cobbled_deepslate":302,"minecraft:observer":3,"minecraft:cooked_mutton":8,"minecraft:water_bucket":8,"minecraft:oak_slab":3,"minecraft:crafting_table":6,"minecraft:ender_eye":3,"minecraft:diamond_pickaxe":1012,"minecraft:cracked_polished_blackstone_bricks":4,"minecraft:chicken":1,"minecraft:iron_pickaxe":134,"minecraft:spruce_sapling":1,"minecraft:stone_axe":23,"minecraft:cobblestone":60,"minecraft:potion":3,"minecraft:cooked_porkchop":45,"minecraft:porkchop":4,"minecraft:bucket":8,"minecraft:diamond_leggings":2},"minecraft:killed":{"minecraft:zombified_piglin":2,"minecraft:spider":8,"minecraft:shulker":3,"minecraft:skeleton":28,"minecraft:chicken":6,"minecraft:magma_cube":7,"minecraft:piglin":10,"minecraft:pig":7,"minecraft:creeper":7,"minecraft:sheep":4,"minecraft:zombie":24,"minecraft:blaze":3,"minecraft:cow":7,"minecraft:hoglin":5,"minecraft:enderman":46},"minecraft:crafted":{"minecraft:oak_planks":12,"minecraft:cooked_mutton":2,"minecraft:diamond_helmet":2,"minecraft:diamond_leggings":2,"minecraft:chest":87,"minecraft:golden_boots":1,"minecraft:wooden_shovel":1,"minecraft:cooked_porkchop":45,"minecraft:crafting_table":3,"minecraft:spruce_planks":1193,"minecraft:wooden_pickaxe":1,"minecraft:iron_helmet":1,"minecraft:birch_planks":16,"minecraft:diamond_pickaxe":1,"minecraft:stick":40,"minecraft:iron_ingot":8,"minecraft:iron_pickaxe":1,"minecraft:gold_ingot":173,"minecraft:furnace":4,"minecraft:bone_meal":3,"minecraft:iron_axe":1,"minecraft:stone_pickaxe":1,"minecraft:diamond_boots":2,"minecraft:diamond_sword":1,"minecraft:nether_bricks":8,"minecraft:bucket":1,"minecraft:stone_axe":1,"minecraft:air":0,"minecraft:wooden_axe":1,"minecraft:torch":4,"minecraft:diamond_chestplate":2}},"DataVersion":3953}