{"stats":{"minecraft:crafted":{"minecraft:oak_planks":12,"minecraft:furnace":1,"minecraft:cooked_mutton":2,"minecraft:diamond_helmet":1,"minecraft:diamond_leggings":1,"minecraft:stone_pickaxe":1,"minecraft:diamond_boots":1,"minecraft:golden_boots":1,"minecraft:diamond_sword":1,"minecraft:cooked_porkchop":24,"minecraft:crafting_table":2,"minecraft:wooden_pickaxe":1,"minecraft:iron_helmet":1,"minecraft:nether_bricks":8,"minecraft:bucket":1,"minecraft:birch_planks":16,"minecraft:stone_axe":1,"minecraft:air":0,"minecraft:diamond_pickaxe":1,"minecraft:stick":32,"minecraft:iron_ingot":8,"minecraft:iron_pickaxe":1,"minecraft:gold_ingot":173,"minecraft:torch":4,"minecraft:diamond_chestplate":1},"minecraft:picked_up":{"minecraft:crafting_table":7,"minecraft:wheat":3,"minecraft:splash_potion":1,"minecraft:chicken":1,"minecraft:wooden_pickaxe":1,"minecraft:gold_block":20,"minecraft:potion":5,"minecraft:gilded_blackstone":9,"minecraft:nether_brick":32,"minecraft:crimson_planks":1,"minecraft:string":37,"minecraft:blackstone":78,"minecraft:gold_nugget":50,"minecraft:cobbled_deepslate":246,"minecraft:netherite_sword":3,"minecraft:beef":14,"minecraft:ender_eye":8,"minecraft:iron_pickaxe":1,"minecraft:sugar_cane":2,"minecraft:furnace":4,"minecraft:iron_boots":4,"minecraft:golden_helmet":1,"minecraft:raw_iron":24,"minecraft:torch":8,"minecraft:fire_charge":9,"minecraft:porkchop":29,"minecraft:polished_blackstone_bricks":9,"minecraft:pointed_dripstone":35,"minecraft:redstone":94,"minecraft:rotten_flesh":23,"minecraft:weeping_vines":2,"minecraft:arrow":4,"minecraft:nether_bricks":1,"minecraft:gold_ingot":32,"minecraft:blaze_rod":1,"minecraft:obsidian":21,"minecraft:mutton":5,"minecraft:white_wool":2,"minecraft:cobblestone":78,"minecraft:magma_block":8,"minecraft:feather":8,"minecraft:leather":41,"minecraft:packed_mud":2,"minecraft:tuff":31,"minecraft:golden_boots":2,"minecraft:gunpowder":5,"minecraft:dirt":8,"minecraft:lapis_lazuli":91,"minecraft:cooked_mutton":6,"minecraft:bone":3,"minecraft:stone_bricks":13,"minecraft:wheat_seeds":13,"minecraft:warped_stem":4,"minecraft:raw_gold":9,"minecraft:birch_wood":4,"minecraft:iron_ingot":5,"minecraft:oak_planks":5,"minecraft:soul_sand":73,"minecraft:pumpkin":5,"minecraft:warped_wart_block":10,"minecraft:quartz":106,"minecraft:dripstone_block":5,"minecraft:gravel":176,"minecraft:crying_obsidian":25,"minecraft:spectral_arrow":33,"minecraft:oak_wood":4,"minecraft:diamond":46,"minecraft:stone_axe":1,"minecraft:cracked_polished_blackstone_bricks":7,"minecraft:crossbow":1,"minecraft:granite":2,"minecraft:bread":11,"minecraft:warped_roots":2,"minecraft:netherrack":10,"minecraft:warped_nylium":1,"minecraft:sunflower":28,"minecraft:coal":70,"minecraft:crimson_roots":14,"minecraft:ender_pearl":11,"minecraft:diamond_pickaxe":1},"minecraft:used":{"minecraft:netherite_sword":555,"minecraft:rotten_flesh":22,"minecraft:netherrack":7,"minecraft:torch":12,"minecraft:dirt":8,"minecraft:warped_wart_block":8,"minecraft:nether_bricks":7,"minecraft:oak_wood":1,"minecraft:diamond_helmet":1,"minecraft:tuff":13,"minecraft:packed_mud":2,"minecraft:warped_nylium":1,"minecraft:iron_helmet":1,"minecraft:crimson_roots":3,"minecraft:crimson_planks":1,"minecraft:stone_bricks":13,"minecraft:diamond_chestplate":1,"minecraft:furnace":2,"minecraft:cobbled_deepslate":297,"minecraft:cooked_mutton":8,"minecraft:water_bucket":5,"minecraft:diamond_boots":1,"minecraft:oak_planks":2,"minecraft:stone_pickaxe":119,"minecraft:blackstone":77,"minecraft:ender_pearl":10,"minecraft:wooden_pickaxe":7,"minecraft:crafting_table":5,"minecraft:crossbow":25,"minecraft:ender_eye":3,"minecraft:diamond_pickaxe":406,"minecraft:cracked_polished_blackstone_bricks":4,"minecraft:chicken":1,"minecraft:bread":11,"minecraft:iron_pickaxe":134,"minecraft:gravel":15,"minecraft:stone_axe":21,"minecraft:diamond_sword":199,"minecraft:potion":3,"minecraft:cobblestone":60,"minecraft:cooked_porkchop":23,"minecraft:porkchop":4,"minecraft:bucket":5,"minecraft:diamond_leggings":1},"minecraft:killed":{"minecraft:zombified_piglin":2,"minecraft:spider":7,"minecraft:skeleton":14,"minecraft:chicken":6,"minecraft:magma_cube":7,"minecraft:piglin":9,"minecraft:pig":7,"minecraft:hoglin":5,"minecraft:creeper":7,"minecraft:sheep":4,"minecraft:zombie":21,"minecraft:blaze":3,"minecraft:enderman":9,"minecraft:cow":5},"minecraft:custom":{"minecraft:mob_kills":111,"minecraft:interact_with_anvil":1,"minecraft:interact_with_crafting_table":29,"minecraft:leave_game":16,"minecraft:time_since_death":21986,"minecraft:climb_one_cm":1650,"minecraft:sprint_one_cm":487758,"minecraft:walk_one_cm":343129,"minecraft:drop":229,"minecraft:play_time":277331,"minecraft:deaths":13,"minecraft:sneak_time":23131,"minecraft:walk_under_water_one_cm":22905,"minecraft:boat_one_cm":11673,"minecraft:jump":3316,"minecraft:walk_on_water_one_cm":25208,"minecraft:enchant_item":7,"minecraft:total_world_time":277331,"minecraft:interact_with_furnace":30,"minecraft:time_since_rest":21992,"minecraft:damage_taken":6670,"minecraft:damage_dealt":20749,"minecraft:swim_one_cm":20913,"minecraft:fly_one_cm":802254,"minecraft:open_chest":46,"minecraft:crouch_one_cm":47548,"minecraft:fall_one_cm":72022},"minecraft:mined":{"minecraft:nether_gold_ore":12,"minecraft:diamond_ore":1,"minecraft:tuff":31,"minecraft:deepslate_diamond_ore":45,"minecraft:blackstone_wall":1,"minecraft:obsidian":2,"minecraft:glow_lichen":2,"minecraft:nether_bricks":1,"minecraft:granite":4,"minecraft:grass_block":7,"minecraft:crimson_roots":13,"minecraft:cracked_polished_blackstone_bricks":7,"minecraft:spruce_leaves":3,"minecraft:spawner":2,"minecraft:large_fern":8,"minecraft:polished_blackstone_bricks":11,"minecraft:weeping_vines_plant":1,"minecraft:magma_block":2,"minecraft:furnace":4,"minecraft:packed_mud":3,"minecraft:fire":4,"minecraft:nether_sprouts":3,"minecraft:iron_ore":9,"minecraft:cobbled_deepslate":20,"minecraft:pumpkin":5,"minecraft:deepslate_lapis_ore":8,"minecraft:enchanting_table":2,"minecraft:gold_block":25,"minecraft:twisting_vines":3,"minecraft:pointed_dripstone":4,"minecraft:deepslate_iron_ore":15,"minecraft:dirt_path":1,"minecraft:warped_stem":4,"minecraft:stone":87,"minecraft:white_banner":1,"minecraft:deepslate_redstone_ore":21,"minecraft:blackstone":4,"minecraft:twisting_vines_plant":2,"minecraft:crimson_nylium":2,"minecraft:crafting_table":6,"minecraft:cornflower":3,"minecraft:torch":3,"minecraft:short_grass":96,"minecraft:oak_wood":3,"minecraft:warped_roots":4,"minecraft:cobblestone":3,"minecraft:nether_quartz_ore":3,"minecraft:tall_grass":7,"minecraft:birch_wood":4,"minecraft:lapis_ore":6,"minecraft:deepslate_gold_ore":7,"minecraft:sugar_cane":1,"minecraft:oak_planks":1,"minecraft:iron_door":2,"minecraft:wall_torch":1,"minecraft:warped_wart_block":10,"minecraft:warped_nylium":3,"minecraft:wheat":3,"minecraft:stripped_oak_wood":2,"minecraft:coal_ore":23,"minecraft:sunflower":43,"minecraft:gravel":29,"minecraft:crimson_planks":1,"minecraft:cobweb":2,"minecraft:cracked_stone_bricks":4,"minecraft:stone_bricks":20,"minecraft:netherrack":9,"minecraft:mossy_stone_bricks":3,"minecraft:deepslate":199},"minecraft:broken":{"minecraft:golden_boots":1},"minecraft:dropped":{"minecraft:golden_boots":1,"minecraft:iron_ingot":3,"minecraft:soul_sand":28,"minecraft:wheat_seeds":13,"minecraft:diamond":17,"minecraft:crafting_table":4,"minecraft:cooked_porkchop":1,"minecraft:golden_axe":1,"minecraft:cobblestone":7,"minecraft:granite":2,"minecraft:cracked_polished_blackstone_bricks":3,"minecraft:gilded_blackstone":18,"minecraft:sunflower":25,"minecraft:polished_blackstone_bricks":9,"minecraft:string":22,"minecraft:white_wool":2,"minecraft:gold_ingot":110,"minecraft:gravel":166,"minecraft:furnace":1,"minecraft:stone_axe":1,"minecraft:blackstone":1,"minecraft:sugar_cane":2,"minecraft:cobbled_deepslate":37,"minecraft:wheat":3,"minecraft:tuff":12,"minecraft:netherite_sword":2,"minecraft:pointed_dripstone":37,"minecraft:obsidian":11,"minecraft:raw_iron":13,"minecraft:rotten_flesh":4,"minecraft:iron_boots":1,"minecraft:gunpowder":3,"minecraft:diamond_pickaxe":1,"minecraft:arrow":3,"minecraft:wooden_pickaxe":2,"minecraft:crying_obsidian":22,"minecraft:magma_block":6,"minecraft:quartz":125},"minecraft:killed_by":{"minecraft:creeper":1,"minecraft:spider":1,"minecraft:enderman":2,"minecraft:blaze":1}},"DataVersion":3953}